symbol,priceTick,variableCommission,slippage,min_volume,start_dt
BCHUSDT.BINANCE,0.01,0.0004,1,0.001,2020-01-02 00:00:00
ADAUSDT.BINANCE,0.00010,0.0004,1,1,2020-01-31 16:01:00
ATOMUSDT.BINANCE,0.001,0.0004,1,0.01,2020-02-07 20:11:00
BATUSDT.BINANCE,0.0001,0.0004,1,0.1,2020-02-13 16:05:00
ALGOUSDT.BINANCE,0.0001,0.0004,1,0.1,2020-06-16 17:01:00
BANDUSDT.BINANCE,0.0001,0.0004,1,0.1,2020-07-29 15:00:00
BALUSDT.BINANCE,0.001,0.0004,1,0.1,2020-09-01 15:01:00
AVAXUSDT.BINANCE,0.0010,0.0004,1,1,2020-09-23 15:00:00
AAVEUSDT.BINANCE,0.010,0.0004,1,0.1,2020-10-16 15:00:00
BELUSDT.BINANCE,0.00010,0.0004,1,1,2020-11-18 15:00:00
AXSUSDT.BINANCE,0.00100,0.0004,1,1,2020-11-20 15:04:00
ALPHAUSDT.BINANCE,0.00001,0.0004,1,1,2020-11-23 15:00:00
SNXUSDT.BINANCE,0.001,0.0004,1,0.1,2020-12-01 00:00:00
SOLUSDT.BINANCE,0.0010,0.0004,1,1,2020-12-01 00:00:00
FTMUSDT.BINANCE,0.000100,0.0004,1,1,2020-12-01 00:00:00
STORJUSDT.BINANCE,0.0001,0.0004,1,1,2020-12-01 00:00:00
ZRXUSDT.BINANCE,0.0001,0.0004,1,0.1,2020-12-01 00:00:00
FILUSDT.BINANCE,0.001,0.0004,1,0.1,2020-12-01 00:00:00
ETHUSDT.BINANCE,0.01,0.0004,1,0.001,2020-12-01 00:00:00
ETCUSDT.BINANCE,0.001,0.0004,1,0.01,2020-12-01 00:00:00
EOSUSDT.BINANCE,0.001,0.0004,1,0.1,2020-12-01 00:00:00
ENJUSDT.BINANCE,0.00010,0.0004,1,1,2020-12-01 00:00:00
EGLDUSDT.BINANCE,0.010,0.0004,1,0.1,2020-12-01 00:00:00
OCEANUSDT.BINANCE,0.00010,0.0004,1,1,2020-12-01 00:00:00
DOTUSDT.BINANCE,0.001,0.0004,1,0.1,2020-12-01 00:00:00
DOGEUSDT.BINANCE,0.000010,0.0004,1,1,2020-12-01 00:00:00
DEFIUSDT.BINANCE,0.1,0.0004,1,0.001,2020-12-01 00:00:00
FLMUSDT.BINANCE,0.0001,0.0004,1,1,2020-12-01 00:00:00
SUSHIUSDT.BINANCE,0.0001,0.0004,1,1,2020-12-01 00:00:00
RUNEUSDT.BINANCE,0.0010,0.0004,1,1,2020-12-01 00:00:00
DASHUSDT.BINANCE,0.01,0.0004,1,0.001,2020-12-01 00:00:00
OMGUSDT.BINANCE,0.0001,0.0004,1,0.1,2020-12-01 00:00:00
NEOUSDT.BINANCE,0.001,0.0004,1,0.01,2020-12-01 00:00:00
NEARUSDT.BINANCE,0.0010,0.0004,1,1,2020-12-01 00:00:00
MKRUSDT.BINANCE,0.10,0.0004,1,0.001,2020-12-01 00:00:00
ONTUSDT.BINANCE,0.0001,0.0004,1,0.1,2020-12-01 00:00:00
MATICUSDT.BINANCE,0.00010,0.0004,1,1,2020-12-01 00:00:00
QTUMUSDT.BINANCE,0.001,0.0004,1,0.1,2020-12-01 00:00:00
LTCUSDT.BINANCE,0.01,0.0004,1,0.001,2020-12-01 00:00:00
LRCUSDT.BINANCE,0.00010,0.0004,1,1,2020-12-01 00:00:00
LINKUSDT.BINANCE,0.001,0.0004,1,0.01,2020-12-01 00:00:00
RENUSDT.BINANCE,0.00001,0.0004,1,1,2020-12-01 00:00:00
RLCUSDT.BINANCE,0.0001,0.0004,1,0.1,2020-12-01 00:00:00
KSMUSDT.BINANCE,0.010,0.0004,1,0.1,2020-12-01 00:00:00
KNCUSDT.BINANCE,0.00010,0.0004,1,1,2020-12-01 00:00:00
KAVAUSDT.BINANCE,0.0001,0.0004,1,0.1,2020-12-01 00:00:00
RSRUSDT.BINANCE,0.000001,0.0004,1,1,2020-12-01 00:00:00
IOTAUSDT.BINANCE,0.0001,0.0004,1,0.1,2020-12-01 00:00:00
IOSTUSDT.BINANCE,0.000001,0.0004,1,1,2020-12-01 00:00:00
ZILUSDT.BINANCE,0.00001,0.0004,1,1,2020-12-01 00:00:00
ICXUSDT.BINANCE,0.0001,0.0004,1,1,2020-12-01 00:00:00
THETAUSDT.BINANCE,0.0001,0.0004,1,0.1,2020-12-01 00:00:00
SXPUSDT.BINANCE,0.0001,0.0004,1,0.1,2020-12-01 00:00:00
VETUSDT.BINANCE,0.000010,0.0004,1,1,2020-12-01 00:00:00
BLZUSDT.BINANCE,0.00001,0.0004,1,1,2020-12-01 00:00:00
BNBUSDT.BINANCE,0.010,0.0004,1,0.01,2020-12-01 00:00:00
XLMUSDT.BINANCE,0.00001,0.0004,1,1,2020-12-01 00:00:00
XTZUSDT.BINANCE,0.001,0.0004,1,0.1,2020-12-01 00:00:00
BTCUSDT.BINANCE,0.10,0.0004,1,0.001,2020-12-01 00:00:00
WAVESUSDT.BINANCE,0.0001,0.0004,1,0.1,2020-12-01 00:00:00
YFIUSDT.BINANCE,1,0.0004,1,0.001,2020-12-01 00:00:00
UNIUSDT.BINANCE,0.0010,0.0004,1,1,2020-12-01 00:00:00
XRPUSDT.BINANCE,0.0001,0.0004,1,0.1,2020-12-01 00:00:00
TRXUSDT.BINANCE,0.00001,0.0004,1,1,2020-12-01 00:00:00
ZECUSDT.BINANCE,0.01,0.0004,1,0.001,2020-12-01 00:00:00
XMRUSDT.BINANCE,0.01,0.0004,1,0.001,2020-12-01 00:00:00
COMPUSDT.BINANCE,0.01,0.0004,1,0.001,2020-12-01 00:00:00
CTKUSDT.BINANCE,0.00010,0.0004,1,1,2020-12-01 00:00:00
ZENUSDT.BINANCE,0.001,0.0004,1,0.1,2020-12-01 00:00:00
CRVUSDT.BINANCE,0.001,0.0004,1,0.1,2020-12-01 00:00:00
SKLUSDT.BINANCE,0.00001,0.0004,1,1,2020-12-08 15:35:00
GRTUSDT.BINANCE,0.00001,0.0004,1,1,2020-12-19 15:00:00
1INCHUSDT.BINANCE,0.0001,0.0004,1,1,2020-12-25 18:00:00
CHZUSDT.BINANCE,0.00001,0.0004,1,1,2021-01-21 15:00:00
SANDUSDT.BINANCE,0.00010,0.0004,1,1,2021-01-25 15:00:00
ANKRUSDT.BINANCE,0.000010,0.0004,1,1,2021-01-26 15:00:00
LITUSDT.BINANCE,0.001,0.0004,1,0.1,2021-02-18 15:00:00
UNFIUSDT.BINANCE,0.001,0.0004,1,0.1,2021-02-19 15:00:00
REEFUSDT.BINANCE,0.000001,0.0004,1,1,2021-02-22 15:08:00
RVNUSDT.BINANCE,0.00001,0.0004,1,1,2021-02-23 15:00:00
SFPUSDT.BINANCE,0.0001,0.0004,1,1,2021-02-24 15:00:00
XEMUSDT.BINANCE,0.0001,0.0004,1,1,2021-03-03 15:00:00
COTIUSDT.BINANCE,0.00001,0.0004,1,1,2021-03-10 15:00:00
CHRUSDT.BINANCE,0.0001,0.0004,1,1,2021-03-12 15:00:00
MANAUSDT.BINANCE,0.0001,0.0004,1,1,2021-03-15 15:00:00
ALICEUSDT.BINANCE,0.001,0.0004,1,0.1,2021-03-16 11:00:00
HBARUSDT.BINANCE,0.00001,0.0004,1,1,2021-03-17 15:00:00
ONEUSDT.BINANCE,0.00001,0.0004,1,1,2021-03-18 15:00:00
LINAUSDT.BINANCE,0.00001,0.0004,1,1,2021-03-19 15:00:00
STMXUSDT.BINANCE,0.00001,0.0004,1,1,2021-03-22 15:00:00
DENTUSDT.BINANCE,0.000001,0.0004,1,1,2021-03-24 12:01:00
CELRUSDT.BINANCE,0.00001,0.0004,1,1,2021-03-29 15:00:00
HOTUSDT.BINANCE,0.000001,0.0004,1,1,2021-03-30 15:00:00
MTLUSDT.BINANCE,0.0001,0.0004,1,1,2021-03-31 15:00:00
OGNUSDT.BINANCE,0.0001,0.0004,1,1,2021-04-01 15:00:00
NKNUSDT.BINANCE,0.00001,0.0004,1,1,2021-04-09 15:00:00
DGBUSDT.BINANCE,0.00001,0.0004,1,1,2021-04-21 11:30:00
1000SHIBUSDT.BINANCE,0.000001,0.0004,1,1,2021-05-11 01:37:00
BAKEUSDT.BINANCE,0.0001,0.0004,1,1,2021-05-19 15:00:00
GTCUSDT.BINANCE,0.001,0.0004,1,0.1,2021-06-11 11:30:00
BTCDOMUSDT.BINANCE,0.1,0.0004,1,0.001,2021-06-21 11:31:00
IOTXUSDT.BINANCE,0.00001,0.0004,1,1,2021-08-12 11:30:00
AUDIOUSDT.BINANCE,0.0001,0.0004,1,1,2021-08-19 11:30:00
C98USDT.BINANCE,0.0001,0.0004,1,1,2021-08-24 11:30:00
MASKUSDT.BINANCE,0.0010,0.0004,1,1,2021-08-27 11:30:00
ATAUSDT.BINANCE,0.0001,0.0004,1,1,2021-08-31 11:30:00
DYDXUSDT.BINANCE,0.001,0.0004,1,0.1,2021-09-10 11:30:00
1000XECUSDT.BINANCE,0.00001,0.0004,1,1,2021-09-17 11:30:00
GALAUSDT.BINANCE,0.00001,0.0004,1,1,2021-09-18 11:30:00
CELOUSDT.BINANCE,0.001,0.0004,1,0.1,2021-09-27 11:30:00
ARUSDT.BINANCE,0.001,0.0004,1,0.1,2021-09-28 11:30:00
KLAYUSDT.BINANCE,0.0001,0.0004,1,0.1,2021-10-12 11:30:00
ARPAUSDT.BINANCE,0.00001,0.0004,1,1,2021-10-19 11:30:00
CTSIUSDT.BINANCE,0.0001,0.0004,1,1,2021-10-26 11:30:00
LPTUSDT.BINANCE,0.001,0.0004,1,0.1,2021-11-11 11:30:00
ENSUSDT.BINANCE,0.001,0.0004,1,0.1,2021-11-30 11:30:00
PEOPLEUSDT.BINANCE,0.00001,0.0004,1,1,2021-12-24 12:00:00
ANTUSDT.BINANCE,0.001,0.0004,1,0.1,2021-12-27 12:01:00
ROSEUSDT.BINANCE,0.00001,0.0004,1,1,2021-12-31 11:30:00
"",0,0,0,0,""
IMXUSDT.BINANCE,0.0001,0.0004,1,1,2022-02-11 11:31:00
APEUSDT.BINANCE,0.0010,0.0004,1,1,2022-03-17 23:00:00
OPUSDT.BINANCE,0.0001000,0.0004,1,0.1,2022-06-01 22:01:00