symbols,total_pnl,max_drawdown,over_drawdown,over_drawdown_count

"BANDUSDT.BINANCE, BCHUSDT.BINANCE",1364.72%,-47151.68,"{'2023-01-14': -47151.68, '2023-03-14': -45485.34, '2023-06-24': -13399.46, '2023-06-30': -37273.9, '2023-07-05': -39646.09}",5

"BCHUSDT.BINANCE, SNXUSDT.BINANCE",21456.4%,-3135247.8,"{'2023-01-14': -51738.24, '2023-03-10': -3135247.8, '2023-07-14': -2974936.04}",3

"BCHUSDT.BINANCE, SOLUSDT.BINANCE",2448.67%,-393971.78,"{'2023-01-04': -81555.14, '2023-01-14': -393971.78, '2023-06-24': -372038.43}",3

"BCHUSDT.BINANCE, FILUSDT.BINANCE",1158.02%,-39552.08,"{'2023-01-13': -12765.06, '2023-02-17': -16053.63, '2023-03-10': -17337.04, '2023-03-14': -15708.13, '2023-06-10': -12843.08, '2023-06-24': -13821.57, '2023-06-30': -37064.11, '2023-07-04': -39552.08}",8

"BCHUSDT.BINANCE, ETHUSDT.BINANCE",2278.63%,-141057.16,"{'2023-01-14': -39732.12, '2023-01-18': -104380.33, '2023-01-22': -45556.45, '2023-06-24': -141057.16, '2023-06-30': -76404.67, '2023-07-05': -41791.74}",6

"BCHUSDT.BINANCE, DOTUSDT.BINANCE",726.45%,-41836.67,"{'2023-01-13': -10350.01, '2023-03-14': -26930.25, '2023-06-30': -35881.3, '2023-07-05': -41836.67}",4

"BCHUSDT.BINANCE, DOGEUSDT.BINANCE",950.34%,-41543.94,"{'2023-01-14': -14546.49, '2023-03-10': -27330.78, '2023-03-14': -18380.6, '2023-06-24': -23247.21, '2023-06-30': -40589.08, '2023-07-05': -41543.94}",6

"BCHUSDT.BINANCE, MKRUSDT.BINANCE",2250.53%,-219811.7,"{'2023-01-10': -26935.34, '2023-01-13': -18639.47, '2023-03-11': -10749.8, '2023-03-14': -11761.86, '2023-06-22': -15490.32, '2023-06-30': -187067.09, '2023-07-04': -219811.7}",7

"BCHUSDT.BINANCE, MATICUSDT.BINANCE",5846.38%,-558242.36,"{'2023-01-14': -24216.7, '2023-02-17': -38250.73, '2023-03-10': -22768.13, '2023-03-14': -12065.91, '2023-06-11': -558242.36, '2023-06-24': -526716.69}",6

"BCHUSDT.BINANCE, LTCUSDT.BINANCE",2564.64%,-297371.47,"{'2023-01-13': -10425.09, '2023-03-10': -64500.76, '2023-06-24': -297371.47, '2023-06-30': -120966.95}",4

"BCHUSDT.BINANCE, LINKUSDT.BINANCE",1725.59%,-140893.22,"{'2023-01-13': -21916.05, '2023-03-10': -13358.46, '2023-03-14': -14253.33, '2023-04-24': -16659.42, '2023-06-24': -140893.22, '2023-06-30': -76816.33, '2023-07-14': -42919.25}",7

"BCHUSDT.BINANCE, BNBUSDT.BINANCE",666.26%,-41820.9,"{'2023-01-14': -13126.34, '2023-03-14': -27137.8, '2023-06-24': -12421.3, '2023-06-30': -37210.08, '2023-07-05': -41820.9}",5

"BCHUSDT.BINANCE, XLMUSDT.BINANCE",1652.91%,-140996.47,"{'2023-03-10': -14483.12, '2023-03-14': -14874.25, '2023-06-24': -140996.47, '2023-06-30': -72483.33, '2023-07-05': -41330.0}",5

"BCHUSDT.BINANCE, BTCUSDT.BINANCE",645.83%,-41856.36,"{'2023-01-13': -10479.18, '2023-03-14': -17634.98, '2023-03-20': -32961.02, '2023-06-21': -27454.29, '2023-06-30': -39039.96, '2023-07-05': -41856.36}",6

"BCHUSDT.BINANCE, XRPUSDT.BINANCE",4611.96%,-538786.78,"{'2023-01-13': -10440.48, '2023-03-10': -15878.58, '2023-03-14': -23047.63, '2023-03-22': -20070.28, '2023-03-29': -28887.4, '2023-06-24': -24572.01, '2023-06-30': -474039.02, '2023-07-14': -538786.78}",8

"BCHUSDT.BINANCE, COMPUSDT.BINANCE",1880.77%,-154984.35,"{'2023-01-14': -57887.75, '2023-06-24': -154984.35, '2023-06-25': -43397.34}",3

"BCHUSDT.BINANCE, OPUSDT.BINANCE",1507.63%,-93724.57,"{'2023-01-14': -54946.33, '2023-01-21': -93724.57, '2023-02-17': -16778.07, '2023-03-14': -10818.97, '2023-03-17': -13663.61, '2023-06-22': -55960.86, '2023-06-30': -49856.64, '2023-07-05': -41594.21}",8

"APEUSDT.BINANCE, BCHUSDT.BINANCE",2956.23%,-329080.63,"{'2023-01-10': -12926.97, '2023-03-14': -27328.02, '2023-05-11': -11344.96, '2023-06-10': -233333.08, '2023-06-24': -329080.63, '2023-06-30': -121356.19}",6

"BANDUSDT.BINANCE, SNXUSDT.BINANCE",20449.87%,-3149258.39,"{'2023-01-14': -70292.98, '2023-03-10': -3149258.39, '2023-07-14': -3088888.2}",3

"BANDUSDT.BINANCE, SOLUSDT.BINANCE",1355.47%,-400359.78,"{'2023-01-04': -81531.13, '2023-01-14': -400359.78, '2023-03-10': -319142.7}",3

"BANDUSDT.BINANCE, FILUSDT.BINANCE",1234.46%,-52778.66,"{'2023-01-10': -43151.86, '2023-01-14': -20238.49, '2023-02-18': -52778.66, '2023-02-26': -32238.58, '2023-03-05': -12789.32, '2023-03-14': -10059.91, '2023-06-10': -12973.47}",7

"BANDUSDT.BINANCE, ETHUSDT.BINANCE",1054.72%,-104342.02,"{'2023-01-14': -39899.89, '2023-01-18': -104342.02, '2023-01-21': -44975.48}",3

"BANDUSDT.BINANCE, DOTUSDT.BINANCE",384.37%,-10187.12,{'2023-03-15': -10187.12},1

"BANDUSDT.BINANCE, DOGEUSDT.BINANCE",493.15%,-31911.12,{'2023-06-10': -31911.12},1

"BANDUSDT.BINANCE, MKRUSDT.BINANCE",805.53%,-36160.3,"{'2023-01-10': -26970.78, '2023-03-02': -36160.3, '2023-03-17': -19714.14}",3

"BANDUSDT.BINANCE, MATICUSDT.BINANCE",8492.63%,-715539.18,"{'2023-01-14': -336822.59, '2023-06-11': -715539.18}",2

"BANDUSDT.BINANCE, LTCUSDT.BINANCE",509.39%,-64379.42,"{'2023-03-10': -64379.42, '2023-03-15': -30499.19}",2

"BANDUSDT.BINANCE, LINKUSDT.BINANCE",411.5%,-12944.51,{'2023-06-11': -12944.51},1

"BANDUSDT.BINANCE, BNBUSDT.BINANCE",334.87%,-31588.22,"{'2023-01-14': -14353.49, '2023-06-10': -31588.22}",2

"BANDUSDT.BINANCE, XLMUSDT.BINANCE",729.85%,-28240.03,"{'2023-01-14': -28240.03, '2023-01-21': -18365.45, '2023-06-28': -13595.77}",3

"BANDUSDT.BINANCE, BTCUSDT.BINANCE",545.77%,-29927.72,"{'2023-03-14': -29927.72, '2023-04-22': -10255.12, '2023-06-24': -11152.48}",3

"BANDUSDT.BINANCE, XRPUSDT.BINANCE",532.54%,-46876.91,"{'2023-01-14': -12563.49, '2023-03-22': -16598.36, '2023-03-29': -15338.2, '2023-07-14': -46876.91}",4

"BANDUSDT.BINANCE, COMPUSDT.BINANCE",1025.07%,-57233.8,"{'2023-01-14': -57233.8, '2023-06-11': -53023.56, '2023-07-03': -10966.86, '2023-07-12': -14346.9}",4

"BANDUSDT.BINANCE, OPUSDT.BINANCE",963.18%,-93708.38,"{'2023-01-14': -27453.26, '2023-01-21': -93708.38, '2023-03-13': -22723.49, '2023-06-10': -32077.53, '2023-06-22': -55223.28, '2023-07-14': -26669.13}",6

"APEUSDT.BINANCE, BANDUSDT.BINANCE",910.63%,-385318.51,"{'2023-01-10': -13052.69, '2023-05-11': -11401.44, '2023-06-10': -385318.51, '2023-06-11': -68552.54}",4

"SNXUSDT.BINANCE, SOLUSDT.BINANCE",20278.81%,-3101060.92,"{'2023-01-04': -81623.45, '2023-01-14': -23695.74, '2023-03-10': -3101060.92, '2023-07-14': -3092038.85}",4

"FILUSDT.BINANCE, SNXUSDT.BINANCE",20681.77%,-3101016.02,"{'2023-01-10': -32446.29, '2023-01-14': -22963.51, '2023-02-18': -49340.37, '2023-03-10': -3101016.02, '2023-07-14': -3082022.23}",5

"ETHUSDT.BINANCE, SNXUSDT.BINANCE",20622.3%,-3105102.88,"{'2023-01-14': -39919.75, '2023-01-18': -104489.77, '2023-03-10': -3104297.06, '2023-07-14': -3105102.88}",4

"DOTUSDT.BINANCE, SNXUSDT.BINANCE",20047.07%,-3100950.33,"{'2023-01-14': -16432.72, '2023-03-10': -3100950.33, '2023-07-14': -3099950.24}",3

"DOGEUSDT.BINANCE, SNXUSDT.BINANCE",20074.2%,-3101097.84,"{'2023-03-10': -3101097.84, '2023-07-14': -3093772.49}",2

"MKRUSDT.BINANCE, SNXUSDT.BINANCE",20282.06%,-3101096.72,"{'2023-01-10': -26931.72, '2023-01-14': -20837.49, '2023-03-10': -3101096.72, '2023-07-14': -3085354.47}",4

"MATICUSDT.BINANCE, SNXUSDT.BINANCE",25686.84%,-3168479.35,"{'2023-01-14': -147409.12, '2023-03-10': -3168479.35, '2023-07-14': -2713102.66, '2023-07-20': -497759.85}",4

"LTCUSDT.BINANCE, SNXUSDT.BINANCE",10070.21%,-3101150.72,"{'2023-03-10': -3101150.72, '2023-03-13': -1849889.34}",2

"LINKUSDT.BINANCE, SNXUSDT.BINANCE",10726.5%,-3101055.31,"{'2023-03-10': -3101055.31, '2023-07-14': -1885216.33}",2

"BNBUSDT.BINANCE, SNXUSDT.BINANCE",10344.19%,-1329721.79,"{'2023-01-14': -13119.66, '2023-03-11': -10386.09, '2023-05-18': -10085.55, '2023-06-10': -15456.61, '2023-07-14': -1329721.79, '2023-07-15': -497790.86}",6

"SNXUSDT.BINANCE, XLMUSDT.BINANCE",19963.65%,-3101917.74,"{'2023-03-10': -3101026.64, '2023-07-14': -3101917.74}",2

"BTCUSDT.BINANCE, SNXUSDT.BINANCE",20000.56%,-3101072.33,"{'2023-03-10': -3101072.33, '2023-07-14': -3092408.98}",2

"SNXUSDT.BINANCE, XRPUSDT.BINANCE",20048.54%,-3100809.86,"{'2023-01-14': -11287.82, '2023-03-10': -3100809.86, '2023-07-14': -3093931.12}",3

"COMPUSDT.BINANCE, SNXUSDT.BINANCE",20780.27%,-3130280.8,"{'2023-01-14': -82393.25, '2023-03-10': -3130280.8, '2023-07-14': -3084857.27}",3

"OPUSDT.BINANCE, SNXUSDT.BINANCE",11844.8%,-1408804.05,"{'2023-01-14': -152370.53, '2023-02-03': -87460.68, '2023-03-10': -42687.96, '2023-03-13': -35958.25, '2023-06-10': -16018.56, '2023-06-22': -53403.82, '2023-07-14': -1408804.05, '2023-07-15': -527265.12}",8

"APEUSDT.BINANCE, SNXUSDT.BINANCE",20241.66%,-3101100.9,"{'2023-01-10': -12207.54, '2023-03-10': -3101100.9, '2023-07-14': -3088285.42}",3

"FILUSDT.BINANCE, SOLUSDT.BINANCE",6295.44%,-720029.76,"{'2023-01-04': -81616.48, '2023-01-14': -185008.83, '2023-03-10': -720029.76, '2023-03-14': -121971.93}",4

"ETHUSDT.BINANCE, SOLUSDT.BINANCE",1536.48%,-104306.68,"{'2023-01-04': -81568.12, '2023-01-18': -104306.68, '2023-03-10': -53912.94, '2023-06-10': -72115.65, '2023-07-14': -27948.7}",5

"DOTUSDT.BINANCE, SOLUSDT.BINANCE",1138.16%,-81589.6,"{'2023-01-04': -81589.6, '2023-01-14': -71169.54, '2023-02-20': -72830.58, '2023-03-10': -22265.95, '2023-06-10': -72356.11, '2023-07-15': -20630.18}",6

"DOGEUSDT.BINANCE, SOLUSDT.BINANCE",1076.11%,-81489.86,"{'2023-01-04': -81489.86, '2023-01-09': -19658.95, '2023-01-15': -12955.91, '2023-03-10': -36671.74, '2023-06-10': -72075.34, '2023-07-14': -28591.47}",6

"MKRUSDT.BINANCE, SOLUSDT.BINANCE",1222.61%,-185500.37,"{'2023-01-04': -81520.31, '2023-01-10': -37332.11, '2023-01-14': -185500.37, '2023-03-10': -159925.67}",4

"MATICUSDT.BINANCE, SOLUSDT.BINANCE",31266.84%,-4056531.86,"{'2023-01-04': -81583.56, '2023-01-14': -159565.15, '2023-06-11': -4056531.86, '2023-07-14': -2880583.03}",4

"LTCUSDT.BINANCE, SOLUSDT.BINANCE",880.36%,-81505.25,"{'2023-01-04': -81505.25, '2023-01-09': -19715.65, '2023-03-10': -64558.68, '2023-06-10': -73014.85, '2023-06-22': -20713.4}",5

"LINKUSDT.BINANCE, SOLUSDT.BINANCE",989.6%,-81551.41,"{'2023-01-04': -81551.41, '2023-01-15': -19841.51, '2023-03-10': -36772.69, '2023-04-24': -17046.53, '2023-06-11': -12899.15, '2023-06-25': -15026.62}",6

"BNBUSDT.BINANCE, SOLUSDT.BINANCE",829.42%,-81497.68,"{'2023-01-04': -81497.68, '2023-01-15': -28263.88, '2023-03-10': -28616.33, '2023-06-12': -10767.1, '2023-07-14': -22282.9}",5

"SOLUSDT.BINANCE, XLMUSDT.BINANCE",1002.01%,-81526.13,"{'2023-01-04': -81526.13, '2023-01-14': -71310.88, '2023-03-10': -73022.25, '2023-06-10': -72192.91, '2023-06-28': -25508.54}",5

"BTCUSDT.BINANCE, SOLUSDT.BINANCE",1167.01%,-81509.25,"{'2023-01-04': -81509.25, '2023-01-15': -27516.08, '2023-03-10': -41258.22, '2023-03-14': -16895.04, '2023-06-10': -72075.99, '2023-07-14': -26071.39}",6

"SOLUSDT.BINANCE, XRPUSDT.BINANCE",1083.07%,-81529.11,"{'2023-01-04': -81529.11, '2023-01-09': -19546.79, '2023-03-10': -36666.73, '2023-03-22': -20611.87, '2023-03-29': -15161.96, '2023-06-10': -73149.66, '2023-07-14': -28682.32}",7

"COMPUSDT.BINANCE, SOLUSDT.BINANCE",1709.3%,-92443.89,"{'2023-01-04': -81610.35, '2023-01-14': -92443.89, '2023-03-10': -67208.97, '2023-03-15': -25675.06, '2023-07-03': -13188.86, '2023-07-14': -19379.72}",6

"OPUSDT.BINANCE, SOLUSDT.BINANCE",2105.36%,-580822.5,"{'2023-01-04': -81628.06, '2023-01-14': -20888.09, '2023-01-21': -93728.1, '2023-03-10': -36711.08, '2023-03-14': -59219.7, '2023-06-10': -580822.5, '2023-06-22': -165264.3}",7

"APEUSDT.BINANCE, SOLUSDT.BINANCE",1283.78%,-382791.7,"{'2023-01-10': -13104.79, '2023-01-15': -10188.25, '2023-03-10': -36705.33, '2023-05-11': -11398.54, '2023-06-10': -382791.7}",5

"ETHUSDT.BINANCE, FILUSDT.BINANCE",1378.86%,-104322.78,"{'2023-01-14': -39730.21, '2023-01-18': -104322.78, '2023-02-22': -39757.57, '2023-03-05': -12504.95, '2023-03-15': -10493.02, '2023-06-10': -12666.43}",6

"DOTUSDT.BINANCE, FILUSDT.BINANCE",612.51%,-40317.13,"{'2023-02-17': -16159.68, '2023-02-20': -40317.13, '2023-03-05': -10423.9, '2023-03-14': -10071.83}",4

"DOGEUSDT.BINANCE, FILUSDT.BINANCE",960.88%,-55673.86,"{'2023-02-18': -55673.86, '2023-02-26': -32382.52, '2023-03-05': -12783.81, '2023-06-10': -12613.39}",4

"FILUSDT.BINANCE, MKRUSDT.BINANCE",1299.65%,-55641.53,"{'2023-01-10': -26948.95, '2023-01-23': -21758.5, '2023-02-18': -55641.53, '2023-02-26': -32365.49, '2023-03-05': -11281.8, '2023-03-16': -48433.17}",6

"FILUSDT.BINANCE, MATICUSDT.BINANCE",34198.5%,-4358268.64,"{'2023-01-10': -32542.61, '2023-01-14': -117343.2, '2023-02-19': -160566.0, '2023-06-11': -4358268.64, '2023-06-12': -3059246.98}",5

"FILUSDT.BINANCE, LTCUSDT.BINANCE",1764.02%,-546761.22,"{'2023-01-23': -16617.99, '2023-02-17': -14081.27, '2023-03-10': -546761.22, '2023-03-14': -204429.64}",4

"FILUSDT.BINANCE, LINKUSDT.BINANCE",720.18%,-16685.17,"{'2023-02-17': -12403.85, '2023-02-26': -15868.89, '2023-03-05': -12573.76, '2023-03-10': -14549.33, '2023-04-24': -16685.17, '2023-06-11': -12905.52}",6

"BNBUSDT.BINANCE, FILUSDT.BINANCE",643.3%,-17133.1,"{'2023-01-15': -17133.1, '2023-02-17': -16165.08, '2023-02-26': -16927.75, '2023-03-05': -12704.41, '2023-06-10': -12684.15}",5

"FILUSDT.BINANCE, XLMUSDT.BINANCE",855.91%,-55701.49,"{'2023-02-18': -55701.49, '2023-02-26': -36077.78, '2023-06-10': -12730.96, '2023-06-28': -16146.55}",4

"BTCUSDT.BINANCE, FILUSDT.BINANCE",1083.46%,-53942.58,"{'2023-01-15': -12036.56, '2023-02-18': -53942.58, '2023-02-26': -36034.28, '2023-03-14': -30500.13, '2023-06-10': -12685.31, '2023-06-24': -15079.97}",6

"FILUSDT.BINANCE, XRPUSDT.BINANCE",1616.55%,-63324.58,"{'2023-01-10': -63324.58, '2023-01-14': -31639.66, '2023-02-18': -54789.64, '2023-02-26': -36240.74, '2023-03-22': -16508.59, '2023-03-29': -14076.65, '2023-07-14': -46876.06}",7

"COMPUSDT.BINANCE, FILUSDT.BINANCE",1076.41%,-50978.13,"{'2023-01-14': -19068.14, '2023-02-18': -50642.83, '2023-02-26': -31434.96, '2023-03-05': -12640.95, '2023-03-14': -10346.52, '2023-06-12': -50978.13, '2023-07-12': -14350.91}",7

"FILUSDT.BINANCE, OPUSDT.BINANCE",2694.31%,-159192.74,"{'2023-01-10': -42953.21, '2023-01-21': -93700.59, '2023-02-19': -159192.74, '2023-03-13': -71159.39, '2023-07-04': -27361.46}",5

"APEUSDT.BINANCE, FILUSDT.BINANCE",1095.73%,-383804.02,"{'2023-01-10': -13112.41, '2023-02-17': -16183.22, '2023-03-16': -45164.19, '2023-06-10': -383804.02, '2023-06-22': -68151.86}",5

"DOTUSDT.BINANCE, ETHUSDT.BINANCE",699.09%,-46004.47,"{'2023-01-14': -17794.28, '2023-01-18': -46004.47, '2023-02-20': -40131.62, '2023-03-15': -32543.34}",4

"DOGEUSDT.BINANCE, ETHUSDT.BINANCE",958.37%,-104347.38,"{'2023-01-14': -39680.04, '2023-01-18': -104347.38, '2023-03-15': -46221.76}",3

"ETHUSDT.BINANCE, MKRUSDT.BINANCE",859.58%,-67201.33,"{'2023-01-10': -26945.33, '2023-01-18': -67201.33, '2023-03-15': -33080.31}",3

"ETHUSDT.BINANCE, MATICUSDT.BINANCE",4834.92%,-558258.79,"{'2023-01-14': -39712.81, '2023-01-18': -104331.98, '2023-06-11': -558258.79, '2023-06-22': -393198.58}",4

"ETHUSDT.BINANCE, LTCUSDT.BINANCE",1047.69%,-104313.59,"{'2023-01-14': -39467.51, '2023-01-18': -104313.59, '2023-03-10': -87430.92, '2023-03-15': -32310.36}",4

"ETHUSDT.BINANCE, LINKUSDT.BINANCE",1049.62%,-104377.34,"{'2023-01-14': -39631.84, '2023-01-18': -104377.34, '2023-01-23': -41786.1, '2023-06-25': -15079.66}",4

"BNBUSDT.BINANCE, ETHUSDT.BINANCE",829.86%,-104334.11,"{'2023-01-14': -39611.36, '2023-01-18': -104334.11, '2023-03-15': -32340.96}",3

"ETHUSDT.BINANCE, XLMUSDT.BINANCE",1507.61%,-178042.69,"{'2023-01-14': -39611.63, '2023-01-18': -104339.86, '2023-06-28': -178042.69, '2023-07-14': -24314.57}",4

"BTCUSDT.BINANCE, ETHUSDT.BINANCE",859.76%,-104396.82,"{'2023-01-14': -39687.59, '2023-01-18': -104396.82, '2023-01-22': -44738.12}",3

"ETHUSDT.BINANCE, XRPUSDT.BINANCE",1007.96%,-104376.35,"{'2023-01-14': -39580.1, '2023-01-18': -104376.35, '2023-03-22': -38571.2, '2023-07-14': -46864.59}",4

"COMPUSDT.BINANCE, ETHUSDT.BINANCE",1046.86%,-104362.77,"{'2023-01-14': -40305.71, '2023-01-18': -104362.77}",2

"ETHUSDT.BINANCE, OPUSDT.BINANCE",986.11%,-93716.49,"{'2023-01-14': -18805.88, '2023-01-18': -45715.42, '2023-01-21': -93716.49, '2023-03-15': -10953.1}",4

"APEUSDT.BINANCE, ETHUSDT.BINANCE",1117.82%,-104333.43,"{'2023-01-14': -39993.95, '2023-01-18': -104333.43, '2023-06-10': -92862.69, '2023-06-22': -16624.03}",4

"DOGEUSDT.BINANCE, DOTUSDT.BINANCE",635.27%,-36006.06,{'2023-01-14': -36006.06},1

"DOTUSDT.BINANCE, MKRUSDT.BINANCE",505.46%,-75206.28,"{'2023-01-14': -75206.28, '2023-06-21': -15321.69}",2

"DOTUSDT.BINANCE, MATICUSDT.BINANCE",1638.17%,-97825.24,{'2023-01-14': -97825.24},1

"DOTUSDT.BINANCE, LTCUSDT.BINANCE",563.85%,-71594.6,"{'2023-02-20': -35086.59, '2023-03-10': -71594.6, '2023-03-14': -26249.02}",3

"DOTUSDT.BINANCE, LINKUSDT.BINANCE",478.74%,-34062.91,"{'2023-01-14': -34062.91, '2023-02-19': -13632.53}",2

"BNBUSDT.BINANCE, DOTUSDT.BINANCE",212.7%,-9995.43,{},0

"DOTUSDT.BINANCE, XLMUSDT.BINANCE",359.08%,-14869.5,{'2023-01-14': -14869.5},1

"BTCUSDT.BINANCE, DOTUSDT.BINANCE",354.45%,-18864.55,"{'2023-03-14': -18864.55, '2023-06-24': -11382.51}",2

"DOTUSDT.BINANCE, XRPUSDT.BINANCE",359.06%,-16520.84,"{'2023-03-22': -16520.84, '2023-03-29': -15428.34}",2

"COMPUSDT.BINANCE, DOTUSDT.BINANCE",606.94%,-21308.56,"{'2023-01-14': -19172.27, '2023-03-15': -21308.56, '2023-06-30': -12648.4, '2023-07-03': -16031.9}",4

"DOTUSDT.BINANCE, OPUSDT.BINANCE",875.43%,-93724.3,"{'2023-01-14': -15666.59, '2023-01-21': -93724.3, '2023-02-17': -16416.99, '2023-03-13': -22706.69, '2023-06-22': -55050.19, '2023-06-24': -26849.88}",6

"APEUSDT.BINANCE, DOTUSDT.BINANCE",595.79%,-233417.42,"{'2023-05-11': -11343.91, '2023-06-10': -233417.42, '2023-06-22': -42402.11}",3

"DOGEUSDT.BINANCE, MKRUSDT.BINANCE",471.88%,-26941.03,{'2023-01-10': -26941.03},1

"DOGEUSDT.BINANCE, MATICUSDT.BINANCE",5966.4%,-591691.48,"{'2023-01-14': -147282.54, '2023-06-11': -591691.48, '2023-06-22': -384907.97}",3

"DOGEUSDT.BINANCE, LTCUSDT.BINANCE",403.25%,-64590.0,"{'2023-03-10': -64590.0, '2023-03-13': -25074.74}",2

"DOGEUSDT.BINANCE, LINKUSDT.BINANCE",430.07%,-24587.41,"{'2023-03-10': -24587.41, '2023-04-24': -17628.9}",2

"BNBUSDT.BINANCE, DOGEUSDT.BINANCE",255.65%,-13049.35,"{'2023-01-14': -13049.35, '2023-06-12': -10167.69}",2

"DOGEUSDT.BINANCE, XLMUSDT.BINANCE",541.11%,-23152.97,"{'2023-01-14': -23152.97, '2023-01-24': -11578.7, '2023-06-28': -13260.23}",3

"BTCUSDT.BINANCE, DOGEUSDT.BINANCE",495.66%,-30548.12,"{'2023-03-14': -30548.12, '2023-06-24': -11328.77}",2

"DOGEUSDT.BINANCE, XRPUSDT.BINANCE",500.99%,-46879.5,"{'2023-01-14': -11100.05, '2023-03-10': -23719.07, '2023-03-22': -21552.51, '2023-03-29': -15175.3, '2023-07-14': -46879.5}",5

"COMPUSDT.BINANCE, DOGEUSDT.BINANCE",512.21%,-14682.11,"{'2023-06-30': -11613.67, '2023-07-03': -14682.11}",2

"DOGEUSDT.BINANCE, OPUSDT.BINANCE",1036.81%,-93726.44,"{'2023-01-14': -16640.98, '2023-01-21': -93726.44, '2023-02-17': -16685.3, '2023-03-13': -22741.83, '2023-03-16': -10504.83, '2023-06-22': -55880.3}",6

"APEUSDT.BINANCE, DOGEUSDT.BINANCE",824.94%,-384839.03,"{'2023-01-10': -12999.93, '2023-05-11': -11342.15, '2023-06-10': -384839.03, '2023-06-22': -69297.55}",4

"MATICUSDT.BINANCE, MKRUSDT.BINANCE",1892.15%,-114705.73,"{'2023-01-10': -26944.72, '2023-01-14': -114705.73}",2

"LTCUSDT.BINANCE, MKRUSDT.BINANCE",646.07%,-65039.46,"{'2023-01-10': -26930.81, '2023-03-10': -65039.46, '2023-03-17': -35662.3}",3

"LINKUSDT.BINANCE, MKRUSDT.BINANCE",781.57%,-41698.82,"{'2023-01-10': -26929.48, '2023-01-14': -11456.64, '2023-03-02': -41698.82, '2023-03-14': -10769.43, '2023-04-24': -10868.94, '2023-06-21': -15192.7}",6

"BNBUSDT.BINANCE, MKRUSDT.BINANCE",382.71%,-26945.31,"{'2023-01-10': -26945.31, '2023-01-14': -20910.87}",2

"MKRUSDT.BINANCE, XLMUSDT.BINANCE",488.33%,-26941.83,"{'2023-01-10': -26941.83, '2023-01-14': -22771.76, '2023-03-17': -10570.32, '2023-06-28': -13414.92}",4

"BTCUSDT.BINANCE, MKRUSDT.BINANCE",684.84%,-30568.14,"{'2023-01-10': -26920.17, '2023-01-14': -17019.52, '2023-03-14': -30568.14, '2023-03-17': -11718.51, '2023-06-21': -24142.93}",5

"MKRUSDT.BINANCE, XRPUSDT.BINANCE",661.21%,-46864.14,"{'2023-01-10': -26941.37, '2023-01-14': -19117.48, '2023-03-17': -17732.95, '2023-03-22': -21413.5, '2023-03-29': -15355.49, '2023-07-14': -46864.14}",6

"COMPUSDT.BINANCE, MKRUSDT.BINANCE",868.98%,-26947.87,"{'2023-01-10': -26947.87, '2023-01-14': -26822.03, '2023-03-17': -16682.48, '2023-06-30': -11612.35, '2023-07-03': -14901.45}",5

"MKRUSDT.BINANCE, OPUSDT.BINANCE",1059.02%,-26958.45,"{'2023-01-10': -26958.45, '2023-01-14': -16984.82, '2023-02-03': -18287.42, '2023-02-17': -14909.09, '2023-03-13': -22930.72, '2023-04-26': -13109.91}",6

"APEUSDT.BINANCE, MKRUSDT.BINANCE",674.01%,-27018.72,"{'2023-01-10': -27018.72, '2023-03-17': -16555.21}",2

"LTCUSDT.BINANCE, MATICUSDT.BINANCE",31100.75%,-4079261.41,"{'2023-01-14': -147090.97, '2023-03-10': -620760.12, '2023-06-11': -4079261.41, '2023-06-22': -2833857.73}",4

"LINKUSDT.BINANCE, MATICUSDT.BINANCE",1870.08%,-105256.46,{'2023-01-14': -105256.46},1

"BNBUSDT.BINANCE, MATICUSDT.BINANCE",5832.21%,-600577.59,"{'2023-01-14': -147193.0, '2023-06-11': -600577.59, '2023-06-12': -382325.57}",3

"MATICUSDT.BINANCE, XLMUSDT.BINANCE",4785.61%,-558287.7,"{'2023-01-14': -41260.5, '2023-06-11': -558287.7, '2023-06-28': -399473.19}",3

"BTCUSDT.BINANCE, MATICUSDT.BINANCE",6044.09%,-604096.18,"{'2023-01-14': -147277.84, '2023-06-11': -604096.18, '2023-06-24': -402229.24}",3

"MATICUSDT.BINANCE, XRPUSDT.BINANCE",6286.93%,-613420.8,"{'2023-01-14': -147156.58, '2023-06-11': -613420.8, '2023-06-22': -404828.87}",3

"COMPUSDT.BINANCE, MATICUSDT.BINANCE",1513.03%,-71562.04,"{'2023-01-14': -71562.04, '2023-02-17': -63132.75, '2023-06-12': -51017.75, '2023-07-03': -10997.55}",4

"MATICUSDT.BINANCE, OPUSDT.BINANCE",8055.51%,-640959.75,"{'2023-01-14': -253279.92, '2023-06-11': -640959.75, '2023-06-22': -453253.36}",3

"APEUSDT.BINANCE, MATICUSDT.BINANCE",1764.18%,-396331.51,"{'2023-01-10': -12946.69, '2023-01-14': -71713.16, '2023-06-10': -396331.51}",3

"LINKUSDT.BINANCE, LTCUSDT.BINANCE",527.39%,-64940.19,"{'2023-03-10': -64940.19, '2023-04-24': -33084.75, '2023-06-25': -16689.21}",3

"BNBUSDT.BINANCE, LTCUSDT.BINANCE",286.91%,-12850.21,"{'2023-01-14': -12850.21, '2023-06-11': -10097.24}",2

"LTCUSDT.BINANCE, XLMUSDT.BINANCE",889.41%,-163562.41,"{'2023-03-10': -64443.98, '2023-06-28': -163562.41, '2023-06-30': -23887.72}",3

"BTCUSDT.BINANCE, LTCUSDT.BINANCE",490.96%,-64549.17,"{'2023-03-10': -64549.17, '2023-03-14': -40270.26}",2

"LTCUSDT.BINANCE, XRPUSDT.BINANCE",1194.36%,-498531.5,"{'2023-01-14': -10963.73, '2023-03-10': -498531.5, '2023-03-22': -192887.61}",3

"COMPUSDT.BINANCE, LTCUSDT.BINANCE",661.66%,-64581.39,"{'2023-03-10': -64581.39, '2023-03-15': -41563.86, '2023-06-12': -50217.56, '2023-07-03': -12843.44}",4

"LTCUSDT.BINANCE, OPUSDT.BINANCE",1352.68%,-93689.24,"{'2023-01-21': -93689.24, '2023-03-10': -72066.44, '2023-03-14': -75732.49, '2023-04-26': -13596.23, '2023-06-22': -10299.58, '2023-07-20': -11072.54}",6

"APEUSDT.BINANCE, LTCUSDT.BINANCE",903.44%,-389517.89,"{'2023-01-10': -13008.37, '2023-03-10': -64539.19, '2023-06-10': -389517.89, '2023-06-22': -73293.2}",4

"BNBUSDT.BINANCE, LINKUSDT.BINANCE",327.73%,-16593.47,"{'2023-01-14': -13060.04, '2023-04-24': -16593.47, '2023-06-11': -14551.57}",3

"LINKUSDT.BINANCE, XLMUSDT.BINANCE",576.88%,-16699.26,"{'2023-01-14': -16383.89, '2023-03-10': -13323.29, '2023-04-24': -16699.26, '2023-06-25': -15153.76, '2023-06-28': -11656.99}",5

"BTCUSDT.BINANCE, LINKUSDT.BINANCE",559.29%,-31509.12,"{'2023-03-10': -15694.07, '2023-03-14': -31509.12, '2023-04-24': -19799.41}",3

"LINKUSDT.BINANCE, XRPUSDT.BINANCE",549.49%,-21552.99,"{'2023-01-14': -11253.07, '2023-03-22': -17497.06, '2023-04-24': -21552.99, '2023-06-25': -12758.51}",4

"COMPUSDT.BINANCE, LINKUSDT.BINANCE",557.38%,-16724.18,"{'2023-04-24': -16724.18, '2023-06-11': -13632.6, '2023-06-25': -15481.9, '2023-07-03': -10805.73}",4

"LINKUSDT.BINANCE, OPUSDT.BINANCE",1029.47%,-93710.76,"{'2023-01-14': -15278.42, '2023-01-21': -93710.76, '2023-02-17': -24800.78, '2023-03-13': -22708.28, '2023-04-24': -16796.89, '2023-06-22': -53355.82, '2023-07-14': -27261.45}",7

"APEUSDT.BINANCE, LINKUSDT.BINANCE",995.65%,-385152.49,"{'2023-01-10': -12982.25, '2023-01-14': -31976.44, '2023-01-23': -13017.84, '2023-05-11': -11428.14, '2023-06-10': -385152.49, '2023-06-25': -76231.95}",6

"BNBUSDT.BINANCE, XLMUSDT.BINANCE",221.53%,-13413.46,{'2023-06-28': -13413.46},1

"BNBUSDT.BINANCE, BTCUSDT.BINANCE",403.42%,-31186.16,"{'2023-01-14': -13081.83, '2023-03-14': -31186.16, '2023-06-24': -12312.29}",3

"BNBUSDT.BINANCE, XRPUSDT.BINANCE",312.92%,-17321.08,"{'2023-01-14': -12990.47, '2023-03-22': -17321.08, '2023-06-12': -12831.52}",3

"BNBUSDT.BINANCE, COMPUSDT.BINANCE",347.48%,-51456.47,"{'2023-01-14': -13616.22, '2023-06-12': -51456.47}",2

"BNBUSDT.BINANCE, OPUSDT.BINANCE",819.77%,-93710.75,"{'2023-01-14': -27521.82, '2023-01-21': -93710.75, '2023-03-13': -31956.18, '2023-06-12': -14611.84, '2023-06-22': -54530.24}",5

"APEUSDT.BINANCE, BNBUSDT.BINANCE",757.81%,-385041.78,"{'2023-01-10': -12989.17, '2023-01-14': -10645.37, '2023-03-12': -10757.07, '2023-05-11': -11371.35, '2023-06-10': -385041.78, '2023-06-12': -68919.88}",6

"BTCUSDT.BINANCE, XLMUSDT.BINANCE",624.56%,-52361.9,"{'2023-03-14': -29919.73, '2023-06-24': -12437.09, '2023-06-28': -52361.9}",3

"XLMUSDT.BINANCE, XRPUSDT.BINANCE",501.28%,-47034.37,"{'2023-03-22': -16836.21, '2023-03-29': -15134.46, '2023-07-14': -47034.37}",3

"COMPUSDT.BINANCE, XLMUSDT.BINANCE",492.8%,-15541.06,"{'2023-01-14': -15541.06, '2023-06-28': -13466.83}",2

"OPUSDT.BINANCE, XLMUSDT.BINANCE",1073.97%,-93718.86,"{'2023-01-14': -28733.06, '2023-01-21': -93718.86, '2023-02-17': -17411.36, '2023-03-13': -22711.75, '2023-05-31': -17932.14, '2023-06-22': -56042.6, '2023-06-28': -34427.59}",7

"APEUSDT.BINANCE, XLMUSDT.BINANCE",500.66%,-85184.77,"{'2023-01-10': -12971.52, '2023-01-14': -15531.46, '2023-05-11': -11375.62, '2023-06-10': -85184.77, '2023-06-28': -25968.83}",5

"BTCUSDT.BINANCE, XRPUSDT.BINANCE",514.46%,-46881.59,"{'2023-01-14': -11410.84, '2023-03-14': -20780.87, '2023-03-22': -20472.1, '2023-06-24': -14036.97, '2023-07-14': -46881.59}",5

"BTCUSDT.BINANCE, COMPUSDT.BINANCE",607.64%,-30767.55,"{'2023-03-14': -30767.55, '2023-06-24': -11734.82, '2023-07-03': -11053.64}",3

"BTCUSDT.BINANCE, OPUSDT.BINANCE",875.06%,-93704.25,"{'2023-01-14': -25637.65, '2023-01-21': -93704.25, '2023-02-17': -17739.04, '2023-03-13': -26276.63, '2023-06-24': -14373.72}",5

"APEUSDT.BINANCE, BTCUSDT.BINANCE",869.85%,-383368.51,"{'2023-01-10': -12921.51, '2023-01-14': -10233.8, '2023-03-14': -12520.96, '2023-05-11': -11393.57, '2023-06-10': -383368.51, '2023-06-24': -77595.8}",6

"COMPUSDT.BINANCE, XRPUSDT.BINANCE",697.99%,-46857.24,"{'2023-01-14': -19407.79, '2023-03-22': -20080.94, '2023-03-29': -12175.8, '2023-06-30': -16814.17, '2023-07-03': -17111.86, '2023-07-14': -46857.24}",6

"OPUSDT.BINANCE, XRPUSDT.BINANCE",858.25%,-55002.92,"{'2023-01-14': -15661.17, '2023-02-17': -12419.25, '2023-03-13': -10352.53, '2023-06-22': -55002.92}",4

"APEUSDT.BINANCE, XRPUSDT.BINANCE",590.01%,-86115.75,"{'2023-01-10': -12938.87, '2023-03-22': -16513.53, '2023-06-10': -86115.75, '2023-06-22': -15415.87, '2023-07-14': -46863.24}",5

"COMPUSDT.BINANCE, OPUSDT.BINANCE",1998.02%,-362032.29,"{'2023-01-14': -75653.98, '2023-01-21': -362032.29, '2023-02-17': -39567.03, '2023-03-13': -23635.83, '2023-06-22': -53353.65, '2023-07-03': -28767.16}",6

"APEUSDT.BINANCE, COMPUSDT.BINANCE",1072.9%,-385194.63,"{'2023-01-14': -19124.5, '2023-05-11': -11402.87, '2023-06-10': -385194.63, '2023-06-22': -68490.28}",4

"APEUSDT.BINANCE, OPUSDT.BINANCE",1088.83%,-85533.79,"{'2023-01-10': -12775.78, '2023-01-14': -15677.23, '2023-02-03': -18246.95, '2023-02-17': -16444.97, '2023-03-12': -13166.87, '2023-06-10': -85533.79, '2023-06-22': -65297.96}",7

