datetime,symbol,open,high,low,close,volume
2019-09-18 08:00:00,okef/eos.usd.q,4.151,4.164,4.15,4.16,47380.0
2019-09-18 08:01:00,okef/eos.usd.q,4.161,4.161,4.151,4.153,62432.0
2019-09-18 08:02:00,okef/eos.usd.q,4.153,4.16,4.152,4.16,13380.0
2019-09-18 08:03:00,okef/eos.usd.q,4.16,4.167,4.16,4.167,26214.0
2019-09-18 08:04:00,okef/eos.usd.q,4.167,4.168,4.163,4.163,18503.0
2019-09-18 08:05:00,okef/eos.usd.q,4.163,4.164,4.159,4.16,15480.0
2019-09-18 08:06:00,okef/eos.usd.q,4.16,4.167,4.16,4.167,6574.0
2019-09-18 08:07:00,okef/eos.usd.q,4.166,4.167,4.163,4.165,4795.0
2019-09-18 08:08:00,okef/eos.usd.q,4.165,4.168,4.163,4.166,16132.0
2019-09-18 08:09:00,okef/eos.usd.q,4.166,4.17,4.166,4.169,7435.0
2019-09-18 08:10:00,okef/eos.usd.q,4.169,4.169,4.166,4.167,9774.0
2019-09-18 08:11:00,okef/eos.usd.q,4.167,4.17,4.167,4.17,7201.0
2019-09-18 08:12:00,okef/eos.usd.q,4.17,4.174,4.169,4.172,28555.0
2019-09-18 08:13:00,okef/eos.usd.q,4.172,4.174,4.168,4.168,14311.0
2019-09-18 08:14:00,okef/eos.usd.q,4.169,4.169,4.168,4.169,1131.0
2019-09-18 08:15:00,okef/eos.usd.q,4.168,4.17,4.168,4.169,4043.0
2019-09-18 08:16:00,okef/eos.usd.q,4.17,4.174,4.169,4.173,28452.0
2019-09-18 08:17:00,okef/eos.usd.q,4.173,4.176,4.173,4.175,20281.0
2019-09-18 08:18:00,okef/eos.usd.q,4.174,4.176,4.174,4.175,3069.0
2019-09-18 08:19:00,okef/eos.usd.q,4.175,4.177,4.175,4.177,4903.0
2019-09-18 08:20:00,okef/eos.usd.q,4.177,4.177,4.174,4.175,10817.0
2019-09-18 08:21:00,okef/eos.usd.q,4.174,4.174,4.17,4.172,6667.0
2019-09-18 08:22:00,okef/eos.usd.q,4.172,4.173,4.171,4.172,1154.0
2019-09-18 08:23:00,okef/eos.usd.q,4.172,4.172,4.171,4.171,2909.0
2019-09-18 08:24:00,okef/eos.usd.q,4.171,4.172,4.171,4.172,2679.0
2019-09-18 08:25:00,okef/eos.usd.q,4.172,4.172,4.171,4.172,2683.0
2019-09-18 08:26:00,okef/eos.usd.q,4.171,4.171,4.17,4.171,4978.0
2019-09-18 08:27:00,okef/eos.usd.q,4.171,4.173,4.17,4.172,2720.0
2019-09-18 08:28:00,okef/eos.usd.q,4.172,4.173,4.169,4.169,5228.0
2019-09-18 08:29:00,okef/eos.usd.q,4.169,4.17,4.163,4.165,39430.0
2019-09-18 08:30:00,okef/eos.usd.q,4.165,4.166,4.163,4.165,5050.0
2019-09-18 08:31:00,okef/eos.usd.q,4.165,4.165,4.163,4.163,5586.0
2019-09-18 08:32:00,okef/eos.usd.q,4.163,4.168,4.163,4.168,7832.0
2019-09-18 08:33:00,okef/eos.usd.q,4.168,4.169,4.167,4.168,3008.0
2019-09-18 08:34:00,okef/eos.usd.q,4.168,4.172,4.166,4.172,4835.0
2019-09-18 08:35:00,okef/eos.usd.q,4.173,4.173,4.17,4.172,8822.0
2019-09-18 08:36:00,okef/eos.usd.q,4.171,4.175,4.171,4.171,6624.0
2019-09-18 08:37:00,okef/eos.usd.q,4.17,4.17,4.166,4.168,3486.0
2019-09-18 08:38:00,okef/eos.usd.q,4.168,4.169,4.167,4.168,1447.0
2019-09-18 08:39:00,okef/eos.usd.q,4.167,4.168,4.167,4.168,3929.0
2019-09-18 08:40:00,okef/eos.usd.q,4.167,4.173,4.167,4.173,6426.0
2019-09-18 08:41:00,okef/eos.usd.q,4.173,4.173,4.169,4.171,2834.0
2019-09-18 08:42:00,okef/eos.usd.q,4.17,4.173,4.17,4.172,2658.0
2019-09-18 08:43:00,okef/eos.usd.q,4.171,4.171,4.17,4.17,1170.0
2019-09-18 08:44:00,okef/eos.usd.q,4.17,4.173,4.167,4.167,3806.0
2019-09-18 08:45:00,okef/eos.usd.q,4.168,4.17,4.167,4.168,3758.0
2019-09-18 08:46:00,okef/eos.usd.q,4.168,4.169,4.166,4.166,1737.0
2019-09-18 08:47:00,okef/eos.usd.q,4.166,4.168,4.166,4.167,1184.0
2019-09-18 08:48:00,okef/eos.usd.q,4.168,4.172,4.168,4.17,4864.0
2019-09-18 08:49:00,okef/eos.usd.q,4.17,4.173,4.17,4.173,7931.0
2019-09-18 08:50:00,okef/eos.usd.q,4.173,4.174,4.173,4.174,4630.0
2019-09-18 08:51:00,okef/eos.usd.q,4.175,4.175,4.173,4.174,5577.0
2019-09-18 08:52:00,okef/eos.usd.q,4.175,4.175,4.174,4.175,8961.0
2019-09-18 08:53:00,okef/eos.usd.q,4.175,4.183,4.175,4.182,25167.0
2019-09-18 08:54:00,okef/eos.usd.q,4.182,4.189,4.182,4.187,22599.0
2019-09-18 08:55:00,okef/eos.usd.q,4.187,4.189,4.186,4.188,15534.0
2019-09-18 08:56:00,okef/eos.usd.q,4.189,4.189,4.181,4.182,14734.0
2019-09-18 08:57:00,okef/eos.usd.q,4.181,4.185,4.181,4.185,14325.0
2019-09-18 08:58:00,okef/eos.usd.q,4.185,4.188,4.185,4.187,22629.0
2019-09-18 08:59:00,okef/eos.usd.q,4.187,4.194,4.186,4.194,33240.0
2019-09-18 09:00:00,okef/eos.usd.q,4.194,4.196,4.192,4.192,33611.0
2019-09-18 09:01:00,okef/eos.usd.q,4.191,4.192,4.185,4.191,14869.0
2019-09-18 09:02:00,okef/eos.usd.q,4.19,4.191,4.185,4.185,14101.0
2019-09-18 09:03:00,okef/eos.usd.q,4.186,4.187,4.182,4.184,25139.0
2019-09-18 09:04:00,okef/eos.usd.q,4.184,4.184,4.182,4.184,6989.0
2019-09-18 09:05:00,okef/eos.usd.q,4.184,4.186,4.183,4.184,8115.0
2019-09-18 09:06:00,okef/eos.usd.q,4.183,4.185,4.181,4.185,8917.0
2019-09-18 09:07:00,okef/eos.usd.q,4.186,4.19,4.186,4.189,8906.0
2019-09-18 09:08:00,okef/eos.usd.q,4.188,4.193,4.188,4.193,5011.0
2019-09-18 09:09:00,okef/eos.usd.q,4.192,4.197,4.192,4.197,16509.0
2019-09-18 09:10:00,okef/eos.usd.q,4.196,4.198,4.192,4.194,24407.0
2019-09-18 09:11:00,okef/eos.usd.q,4.194,4.194,4.189,4.19,9828.0
2019-09-18 09:12:00,okef/eos.usd.q,4.19,4.195,4.19,4.195,22125.0
2019-09-18 09:13:00,okef/eos.usd.q,4.195,4.199,4.195,4.195,20476.0
2019-09-18 09:14:00,okef/eos.usd.q,4.196,4.196,4.194,4.195,8030.0
2019-09-18 09:15:00,okef/eos.usd.q,4.195,4.198,4.195,4.195,10948.0
2019-09-18 09:16:00,okef/eos.usd.q,4.196,4.196,4.19,4.192,10892.0
2019-09-18 09:17:00,okef/eos.usd.q,4.192,4.192,4.189,4.191,10516.0
2019-09-18 09:18:00,okef/eos.usd.q,4.191,4.192,4.188,4.189,7451.0
2019-09-18 09:19:00,okef/eos.usd.q,4.188,4.189,4.186,4.188,8012.0
2019-09-18 09:20:00,okef/eos.usd.q,4.187,4.192,4.187,4.192,12416.0
2019-09-18 09:21:00,okef/eos.usd.q,4.192,4.192,4.189,4.191,9183.0
2019-09-18 09:22:00,okef/eos.usd.q,4.19,4.193,4.19,4.193,7672.0
2019-09-18 09:23:00,okef/eos.usd.q,4.192,4.195,4.192,4.194,7154.0
2019-09-18 09:24:00,okef/eos.usd.q,4.193,4.195,4.193,4.195,3741.0
2019-09-18 09:25:00,okef/eos.usd.q,4.196,4.214,4.195,4.21,56078.0
2019-09-18 09:26:00,okef/eos.usd.q,4.211,4.219,4.208,4.211,26657.0
2019-09-18 09:27:00,okef/eos.usd.q,4.211,4.212,4.206,4.208,26731.0
2019-09-18 09:28:00,okef/eos.usd.q,4.207,4.208,4.202,4.202,7196.0
2019-09-18 09:29:00,okef/eos.usd.q,4.202,4.207,4.201,4.205,18103.0
2019-09-18 09:30:00,okef/eos.usd.q,4.205,4.208,4.202,4.207,6739.0
2019-09-18 09:31:00,okef/eos.usd.q,4.206,4.211,4.206,4.211,8515.0
2019-09-18 09:32:00,okef/eos.usd.q,4.21,4.213,4.21,4.211,5454.0
2019-09-18 09:33:00,okef/eos.usd.q,4.211,4.211,4.206,4.209,18279.0
2019-09-18 09:34:00,okef/eos.usd.q,4.209,4.21,4.207,4.207,4603.0
2019-09-18 09:35:00,okef/eos.usd.q,4.207,4.208,4.206,4.208,4676.0
2019-09-18 09:36:00,okef/eos.usd.q,4.208,4.208,4.201,4.202,8197.0
2019-09-18 09:37:00,okef/eos.usd.q,4.202,4.204,4.2,4.203,4383.0
2019-09-18 09:38:00,okef/eos.usd.q,4.204,4.204,4.197,4.198,8117.0
2019-09-18 09:39:00,okef/eos.usd.q,4.198,4.201,4.196,4.197,6992.0
2019-09-18 09:40:00,okef/eos.usd.q,4.198,4.201,4.197,4.2,5428.0
2019-09-18 09:41:00,okef/eos.usd.q,4.201,4.201,4.199,4.2,1253.0
2019-09-18 09:42:00,okef/eos.usd.q,4.199,4.2,4.196,4.196,3965.0
2019-09-18 09:43:00,okef/eos.usd.q,4.197,4.199,4.194,4.194,6479.0
2019-09-18 09:44:00,okef/eos.usd.q,4.194,4.196,4.193,4.194,2442.0
2019-09-18 09:45:00,okef/eos.usd.q,4.195,4.196,4.194,4.196,6323.0
2019-09-18 09:46:00,okef/eos.usd.q,4.196,4.197,4.19,4.19,10644.0
2019-09-18 09:47:00,okef/eos.usd.q,4.19,4.19,4.187,4.189,3460.0
2019-09-18 09:48:00,okef/eos.usd.q,4.19,4.192,4.189,4.192,3492.0
2019-09-18 09:49:00,okef/eos.usd.q,4.192,4.193,4.19,4.193,5152.0
2019-09-18 09:50:00,okef/eos.usd.q,4.193,4.194,4.192,4.194,7581.0
2019-09-18 09:51:00,okef/eos.usd.q,4.194,4.197,4.194,4.196,3420.0
2019-09-18 09:52:00,okef/eos.usd.q,4.197,4.197,4.195,4.196,7175.0
2019-09-18 09:53:00,okef/eos.usd.q,4.196,4.197,4.195,4.196,4998.0
2019-09-18 09:54:00,okef/eos.usd.q,4.197,4.198,4.196,4.197,12136.0
2019-09-18 09:55:00,okef/eos.usd.q,4.198,4.205,4.197,4.205,17867.0
2019-09-18 09:56:00,okef/eos.usd.q,4.204,4.204,4.2,4.203,8382.0
2019-09-18 09:57:00,okef/eos.usd.q,4.203,4.208,4.203,4.206,9324.0
2019-09-18 09:58:00,okef/eos.usd.q,4.206,4.206,4.204,4.205,8284.0
2019-09-18 09:59:00,okef/eos.usd.q,4.205,4.205,4.203,4.204,13957.0
2019-09-18 10:00:00,okef/eos.usd.q,4.204,4.209,4.203,4.208,6528.0
2019-09-18 10:01:00,okef/eos.usd.q,4.209,4.213,4.208,4.208,24487.0
2019-09-18 10:02:00,okef/eos.usd.q,4.208,4.208,4.203,4.203,11668.0
2019-09-18 10:03:00,okef/eos.usd.q,4.203,4.207,4.201,4.203,13889.0
2019-09-18 10:04:00,okef/eos.usd.q,4.203,4.203,4.196,4.198,48064.0
2019-09-18 10:05:00,okef/eos.usd.q,4.198,4.198,4.193,4.194,50315.0
2019-09-18 10:06:00,okef/eos.usd.q,4.195,4.198,4.194,4.197,14944.0
2019-09-18 10:07:00,okef/eos.usd.q,4.196,4.199,4.196,4.198,14907.0
2019-09-18 10:08:00,okef/eos.usd.q,4.197,4.198,4.196,4.196,3140.0
2019-09-18 10:09:00,okef/eos.usd.q,4.196,4.196,4.195,4.196,1896.0
2019-09-18 10:10:00,okef/eos.usd.q,4.195,4.196,4.194,4.194,26598.0
2019-09-18 10:11:00,okef/eos.usd.q,4.195,4.197,4.195,4.197,2405.0
2019-09-18 10:12:00,okef/eos.usd.q,4.197,4.199,4.197,4.199,2880.0
2019-09-18 10:13:00,okef/eos.usd.q,4.199,4.2,4.197,4.199,3446.0
2019-09-18 10:14:00,okef/eos.usd.q,4.199,4.202,4.199,4.2,6551.0
2019-09-18 10:15:00,okef/eos.usd.q,4.199,4.201,4.198,4.199,5762.0
2019-09-18 10:16:00,okef/eos.usd.q,4.199,4.202,4.199,4.201,3805.0
2019-09-18 10:17:00,okef/eos.usd.q,4.201,4.202,4.198,4.201,21235.0
2019-09-18 10:18:00,okef/eos.usd.q,4.201,4.201,4.198,4.198,5156.0
2019-09-18 10:19:00,okef/eos.usd.q,4.198,4.198,4.194,4.196,10360.0
2019-09-18 10:20:00,okef/eos.usd.q,4.196,4.197,4.195,4.195,4635.0
2019-09-18 10:21:00,okef/eos.usd.q,4.196,4.196,4.194,4.196,3565.0
2019-09-18 10:22:00,okef/eos.usd.q,4.195,4.196,4.194,4.196,11102.0
2019-09-18 10:23:00,okef/eos.usd.q,4.196,4.196,4.195,4.195,2237.0
2019-09-18 10:24:00,okef/eos.usd.q,4.196,4.199,4.195,4.198,10298.0
2019-09-18 10:25:00,okef/eos.usd.q,4.198,4.199,4.197,4.198,2281.0
2019-09-18 10:26:00,okef/eos.usd.q,4.199,4.201,4.199,4.201,6510.0
2019-09-18 10:27:00,okef/eos.usd.q,4.201,4.202,4.2,4.2,5286.0
2019-09-18 10:28:00,okef/eos.usd.q,4.2,4.203,4.2,4.203,6587.0
2019-09-18 10:29:00,okef/eos.usd.q,4.203,4.203,4.201,4.203,4763.0
2019-09-18 10:30:00,okef/eos.usd.q,4.202,4.203,4.202,4.202,916.0
2019-09-18 10:31:00,okef/eos.usd.q,4.202,4.202,4.201,4.201,2836.0
2019-09-18 10:32:00,okef/eos.usd.q,4.201,4.202,4.198,4.199,4107.0
2019-09-18 10:33:00,okef/eos.usd.q,4.198,4.2,4.197,4.199,3513.0
2019-09-18 10:34:00,okef/eos.usd.q,4.199,4.201,4.199,4.201,3585.0
2019-09-18 10:35:00,okef/eos.usd.q,4.201,4.204,4.201,4.204,5496.0
2019-09-18 10:36:00,okef/eos.usd.q,4.204,4.204,4.201,4.202,1672.0
2019-09-18 10:37:00,okef/eos.usd.q,4.202,4.203,4.202,4.203,677.0
2019-09-18 10:38:00,okef/eos.usd.q,4.202,4.207,4.202,4.206,9567.0
2019-09-18 10:39:00,okef/eos.usd.q,4.206,4.206,4.201,4.204,8593.0
2019-09-18 10:40:00,okef/eos.usd.q,4.205,4.209,4.205,4.208,21173.0
2019-09-18 10:41:00,okef/eos.usd.q,4.208,4.213,4.207,4.213,10315.0
2019-09-18 10:42:00,okef/eos.usd.q,4.212,4.219,4.212,4.217,26499.0
2019-09-18 10:43:00,okef/eos.usd.q,4.218,4.224,4.215,4.216,35951.0
2019-09-18 10:44:00,okef/eos.usd.q,4.216,4.218,4.213,4.218,29770.0
2019-09-18 10:45:00,okef/eos.usd.q,4.218,4.222,4.216,4.216,29076.0
2019-09-18 10:46:00,okef/eos.usd.q,4.217,4.217,4.213,4.215,5584.0
2019-09-18 10:47:00,okef/eos.usd.q,4.214,4.217,4.205,4.207,18237.0
2019-09-18 10:48:00,okef/eos.usd.q,4.207,4.208,4.2,4.2,28798.0
2019-09-18 10:49:00,okef/eos.usd.q,4.2,4.201,4.198,4.199,22430.0
2019-09-18 10:50:00,okef/eos.usd.q,4.199,4.202,4.199,4.2,10790.0
2019-09-18 10:51:00,okef/eos.usd.q,4.2,4.2,4.197,4.2,7179.0
2019-09-18 10:52:00,okef/eos.usd.q,4.2,4.2,4.199,4.2,3118.0
2019-09-18 10:53:00,okef/eos.usd.q,4.2,4.202,4.199,4.2,9995.0
2019-09-18 10:54:00,okef/eos.usd.q,4.201,4.203,4.201,4.202,1825.0
2019-09-18 10:55:00,okef/eos.usd.q,4.202,4.205,4.202,4.205,8067.0
2019-09-18 10:56:00,okef/eos.usd.q,4.204,4.207,4.204,4.204,8757.0
2019-09-18 10:57:00,okef/eos.usd.q,4.205,4.205,4.204,4.204,1634.0
2019-09-18 10:58:00,okef/eos.usd.q,4.205,4.206,4.202,4.202,5522.0
2019-09-18 10:59:00,okef/eos.usd.q,4.203,4.205,4.201,4.202,15755.0
2019-09-18 11:00:00,okef/eos.usd.q,4.202,4.203,4.196,4.197,7185.0
2019-09-18 11:01:00,okef/eos.usd.q,4.197,4.197,4.194,4.194,19611.0
2019-09-18 11:02:00,okef/eos.usd.q,4.194,4.195,4.188,4.19,23097.0
2019-09-18 11:03:00,okef/eos.usd.q,4.19,4.191,4.181,4.183,51615.0
2019-09-18 11:04:00,okef/eos.usd.q,4.182,4.188,4.181,4.186,23008.0
2019-09-18 11:05:00,okef/eos.usd.q,4.186,4.187,4.179,4.182,32712.0
2019-09-18 11:06:00,okef/eos.usd.q,4.182,4.184,4.182,4.184,9840.0
2019-09-18 11:07:00,okef/eos.usd.q,4.184,4.185,4.182,4.185,9156.0
2019-09-18 11:08:00,okef/eos.usd.q,4.184,4.188,4.183,4.187,21931.0
2019-09-18 11:09:00,okef/eos.usd.q,4.187,4.189,4.185,4.186,7397.0
2019-09-18 11:10:00,okef/eos.usd.q,4.186,4.187,4.184,4.187,14114.0
2019-09-18 11:11:00,okef/eos.usd.q,4.187,4.188,4.184,4.187,7525.0
2019-09-18 11:12:00,okef/eos.usd.q,4.187,4.188,4.182,4.184,9190.0
2019-09-18 11:13:00,okef/eos.usd.q,4.184,4.188,4.183,4.187,5476.0
2019-09-18 11:14:00,okef/eos.usd.q,4.187,4.19,4.186,4.189,9394.0
2019-09-18 11:15:00,okef/eos.usd.q,4.189,4.19,4.184,4.187,29038.0
2019-09-18 11:16:00,okef/eos.usd.q,4.187,4.187,4.185,4.185,6413.0
2019-09-18 11:17:00,okef/eos.usd.q,4.185,4.186,4.184,4.186,5076.0
2019-09-18 11:18:00,okef/eos.usd.q,4.186,4.189,4.182,4.183,23786.0
2019-09-18 11:19:00,okef/eos.usd.q,4.183,4.183,4.176,4.179,24420.0
2019-09-18 11:20:00,okef/eos.usd.q,4.179,4.18,4.175,4.175,8969.0
2019-09-18 11:21:00,okef/eos.usd.q,4.176,4.176,4.169,4.171,42726.0
2019-09-18 11:22:00,okef/eos.usd.q,4.171,4.176,4.17,4.173,13120.0
2019-09-18 11:23:00,okef/eos.usd.q,4.173,4.175,4.172,4.175,8874.0
2019-09-18 11:24:00,okef/eos.usd.q,4.175,4.177,4.175,4.175,6420.0
2019-09-18 11:25:00,okef/eos.usd.q,4.175,4.179,4.171,4.177,14370.0
2019-09-18 11:26:00,okef/eos.usd.q,4.177,4.178,4.17,4.173,10899.0
2019-09-18 11:27:00,okef/eos.usd.q,4.173,4.178,4.173,4.177,4802.0
2019-09-18 11:28:00,okef/eos.usd.q,4.177,4.178,4.173,4.173,2838.0
2019-09-18 11:29:00,okef/eos.usd.q,4.173,4.174,4.171,4.171,2869.0
2019-09-18 11:30:00,okef/eos.usd.q,4.171,4.176,4.17,4.176,8747.0
2019-09-18 11:31:00,okef/eos.usd.q,4.175,4.179,4.175,4.178,10077.0
2019-09-18 11:32:00,okef/eos.usd.q,4.179,4.182,4.178,4.182,5351.0
2019-09-18 11:33:00,okef/eos.usd.q,4.182,4.187,4.18,4.18,8928.0
2019-09-18 11:34:00,okef/eos.usd.q,4.18,4.181,4.179,4.179,2080.0
2019-09-18 11:35:00,okef/eos.usd.q,4.179,4.18,4.179,4.179,2639.0
2019-09-18 11:36:00,okef/eos.usd.q,4.179,4.18,4.174,4.175,7728.0
2019-09-18 11:37:00,okef/eos.usd.q,4.176,4.176,4.172,4.172,5649.0
2019-09-18 11:38:00,okef/eos.usd.q,4.172,4.175,4.172,4.173,10828.0
2019-09-18 11:39:00,okef/eos.usd.q,4.174,4.174,4.173,4.174,781.0
2019-09-18 11:40:00,okef/eos.usd.q,4.173,4.174,4.172,4.172,3885.0
2019-09-18 11:41:00,okef/eos.usd.q,4.172,4.173,4.169,4.173,11093.0
2019-09-18 11:42:00,okef/eos.usd.q,4.173,4.173,4.172,4.172,3407.0
2019-09-18 11:43:00,okef/eos.usd.q,4.173,4.173,4.166,4.168,10739.0
2019-09-18 11:44:00,okef/eos.usd.q,4.167,4.168,4.164,4.165,10308.0
2019-09-18 11:45:00,okef/eos.usd.q,4.165,4.168,4.162,4.168,19021.0
2019-09-18 11:46:00,okef/eos.usd.q,4.168,4.169,4.164,4.164,19679.0
2019-09-18 11:47:00,okef/eos.usd.q,4.164,4.166,4.162,4.166,23510.0
2019-09-18 11:48:00,okef/eos.usd.q,4.166,4.167,4.163,4.166,16140.0
2019-09-18 11:49:00,okef/eos.usd.q,4.166,4.171,4.166,4.171,9682.0
2019-09-18 11:50:00,okef/eos.usd.q,4.171,4.173,4.17,4.172,4507.0
2019-09-18 11:51:00,okef/eos.usd.q,4.172,4.177,4.172,4.177,6815.0
2019-09-18 11:52:00,okef/eos.usd.q,4.178,4.181,4.177,4.177,21276.0
2019-09-18 11:53:00,okef/eos.usd.q,4.178,4.178,4.173,4.175,5699.0
2019-09-18 11:54:00,okef/eos.usd.q,4.175,4.175,4.172,4.172,4373.0
2019-09-18 11:55:00,okef/eos.usd.q,4.173,4.176,4.172,4.174,4843.0
2019-09-18 11:56:00,okef/eos.usd.q,4.174,4.19,4.174,4.183,38406.0
2019-09-18 11:57:00,okef/eos.usd.q,4.184,4.187,4.182,4.183,19029.0
2019-09-18 11:58:00,okef/eos.usd.q,4.182,4.184,4.18,4.18,6183.0
2019-09-18 11:59:00,okef/eos.usd.q,4.18,4.182,4.178,4.182,1811.0
2019-09-18 12:00:00,okef/eos.usd.q,4.181,4.181,4.178,4.179,3045.0
2019-09-18 12:01:00,okef/eos.usd.q,4.18,4.18,4.174,4.175,9084.0
2019-09-18 12:02:00,okef/eos.usd.q,4.175,4.175,4.173,4.175,6637.0
2019-09-18 12:03:00,okef/eos.usd.q,4.174,4.183,4.174,4.183,6206.0
2019-09-18 12:04:00,okef/eos.usd.q,4.182,4.182,4.178,4.18,2559.0
2019-09-18 12:05:00,okef/eos.usd.q,4.179,4.182,4.179,4.182,3760.0
2019-09-18 12:06:00,okef/eos.usd.q,4.182,4.193,4.182,4.19,31150.0
2019-09-18 12:07:00,okef/eos.usd.q,4.191,4.191,4.186,4.186,14524.0
2019-09-18 12:08:00,okef/eos.usd.q,4.186,4.19,4.186,4.189,6338.0
2019-09-18 12:09:00,okef/eos.usd.q,4.19,4.19,4.187,4.188,10584.0
2019-09-18 12:10:00,okef/eos.usd.q,4.189,4.189,4.183,4.184,7391.0
2019-09-18 12:11:00,okef/eos.usd.q,4.184,4.185,4.184,4.184,1816.0
2019-09-18 12:12:00,okef/eos.usd.q,4.185,4.185,4.183,4.183,2381.0
2019-09-18 12:13:00,okef/eos.usd.q,4.184,4.187,4.181,4.186,5866.0
2019-09-18 12:14:00,okef/eos.usd.q,4.186,4.187,4.186,4.186,1113.0
2019-09-18 12:15:00,okef/eos.usd.q,4.186,4.187,4.185,4.187,1266.0
2019-09-18 12:16:00,okef/eos.usd.q,4.187,4.19,4.186,4.189,5424.0
2019-09-18 12:17:00,okef/eos.usd.q,4.189,4.197,4.189,4.191,28425.0
2019-09-18 12:18:00,okef/eos.usd.q,4.19,4.191,4.189,4.189,9451.0
2019-09-18 12:19:00,okef/eos.usd.q,4.189,4.193,4.189,4.191,14941.0
2019-09-18 12:20:00,okef/eos.usd.q,4.191,4.192,4.19,4.192,8047.0
2019-09-18 12:21:00,okef/eos.usd.q,4.191,4.191,4.188,4.189,2683.0
2019-09-18 12:22:00,okef/eos.usd.q,4.189,4.191,4.189,4.189,4943.0
2019-09-18 12:23:00,okef/eos.usd.q,4.19,4.193,4.189,4.193,2222.0
2019-09-18 12:24:00,okef/eos.usd.q,4.192,4.193,4.188,4.189,5008.0
2019-09-18 12:25:00,okef/eos.usd.q,4.188,4.191,4.184,4.187,20377.0
2019-09-18 12:26:00,okef/eos.usd.q,4.187,4.188,4.185,4.187,5811.0
2019-09-18 12:27:00,okef/eos.usd.q,4.188,4.188,4.186,4.186,2262.0
2019-09-18 12:28:00,okef/eos.usd.q,4.186,4.19,4.186,4.188,2445.0
2019-09-18 12:29:00,okef/eos.usd.q,4.187,4.187,4.178,4.179,31951.0
2019-09-18 12:30:00,okef/eos.usd.q,4.178,4.179,4.177,4.179,6202.0
2019-09-18 12:31:00,okef/eos.usd.q,4.179,4.181,4.174,4.175,18206.0
2019-09-18 12:32:00,okef/eos.usd.q,4.175,4.175,4.167,4.173,47489.0
2019-09-18 12:33:00,okef/eos.usd.q,4.173,4.177,4.172,4.177,16540.0
2019-09-18 12:34:00,okef/eos.usd.q,4.177,4.177,4.174,4.174,7691.0
2019-09-18 12:35:00,okef/eos.usd.q,4.174,4.175,4.172,4.174,4822.0
2019-09-18 12:36:00,okef/eos.usd.q,4.174,4.176,4.172,4.176,8017.0
2019-09-18 12:37:00,okef/eos.usd.q,4.176,4.177,4.175,4.176,1141.0
2019-09-18 12:38:00,okef/eos.usd.q,4.177,4.177,4.175,4.176,1841.0
2019-09-18 12:39:00,okef/eos.usd.q,4.176,4.177,4.175,4.177,2001.0
2019-09-18 12:40:00,okef/eos.usd.q,4.176,4.178,4.176,4.177,2119.0
2019-09-18 12:41:00,okef/eos.usd.q,4.177,4.179,4.177,4.178,3207.0
2019-09-18 12:42:00,okef/eos.usd.q,4.178,4.178,4.177,4.178,1556.0
2019-09-18 12:43:00,okef/eos.usd.q,4.177,4.178,4.177,4.177,701.0
2019-09-18 12:44:00,okef/eos.usd.q,4.177,4.178,4.176,4.176,1726.0
2019-09-18 12:45:00,okef/eos.usd.q,4.177,4.177,4.172,4.173,19182.0
2019-09-18 12:46:00,okef/eos.usd.q,4.174,4.176,4.173,4.175,11034.0
2019-09-18 12:47:00,okef/eos.usd.q,4.175,4.175,4.174,4.175,1874.0
2019-09-18 12:48:00,okef/eos.usd.q,4.175,4.175,4.172,4.173,9224.0
2019-09-18 12:49:00,okef/eos.usd.q,4.173,4.177,4.173,4.174,11700.0
2019-09-18 12:50:00,okef/eos.usd.q,4.174,4.175,4.173,4.174,3411.0
2019-09-18 12:51:00,okef/eos.usd.q,4.175,4.175,4.174,4.175,2441.0
2019-09-18 12:52:00,okef/eos.usd.q,4.174,4.177,4.174,4.176,6393.0
2019-09-18 12:53:00,okef/eos.usd.q,4.176,4.177,4.175,4.177,5026.0
2019-09-18 12:54:00,okef/eos.usd.q,4.175,4.177,4.175,4.176,5753.0
2019-09-18 12:55:00,okef/eos.usd.q,4.175,4.179,4.175,4.179,3144.0
2019-09-18 12:56:00,okef/eos.usd.q,4.178,4.186,4.178,4.183,19663.0
2019-09-18 12:57:00,okef/eos.usd.q,4.183,4.185,4.182,4.182,5082.0
2019-09-18 12:58:00,okef/eos.usd.q,4.182,4.184,4.182,4.184,5506.0
2019-09-18 12:59:00,okef/eos.usd.q,4.184,4.19,4.184,4.19,10855.0
2019-09-18 13:00:00,okef/eos.usd.q,4.191,4.194,4.188,4.189,9253.0
2019-09-18 13:01:00,okef/eos.usd.q,4.189,4.19,4.186,4.186,8813.0
2019-09-18 13:02:00,okef/eos.usd.q,4.186,4.186,4.183,4.184,6591.0
2019-09-18 13:03:00,okef/eos.usd.q,4.184,4.185,4.184,4.184,2032.0
2019-09-18 13:04:00,okef/eos.usd.q,4.184,4.186,4.184,4.185,1706.0
2019-09-18 13:05:00,okef/eos.usd.q,4.185,4.189,4.184,4.189,8510.0
2019-09-18 13:06:00,okef/eos.usd.q,4.188,4.188,4.184,4.184,3390.0
2019-09-18 13:07:00,okef/eos.usd.q,4.185,4.188,4.184,4.188,942.0
2019-09-18 13:08:00,okef/eos.usd.q,4.187,4.187,4.186,4.186,5553.0
2019-09-18 13:09:00,okef/eos.usd.q,4.187,4.192,4.186,4.191,3673.0
2019-09-18 13:10:00,okef/eos.usd.q,4.19,4.191,4.189,4.19,3206.0
2019-09-18 13:11:00,okef/eos.usd.q,4.189,4.19,4.189,4.19,7207.0
2019-09-18 13:12:00,okef/eos.usd.q,4.19,4.191,4.189,4.191,2346.0
2019-09-18 13:13:00,okef/eos.usd.q,4.19,4.191,4.189,4.191,3687.0
2019-09-18 13:14:00,okef/eos.usd.q,4.19,4.191,4.186,4.186,5940.0
2019-09-18 13:15:00,okef/eos.usd.q,4.186,4.187,4.182,4.182,6482.0
2019-09-18 13:16:00,okef/eos.usd.q,4.183,4.188,4.182,4.187,10342.0
2019-09-18 13:17:00,okef/eos.usd.q,4.186,4.187,4.186,4.186,918.0
2019-09-18 13:18:00,okef/eos.usd.q,4.186,4.186,4.184,4.186,1144.0
2019-09-18 13:19:00,okef/eos.usd.q,4.185,4.185,4.184,4.184,887.0
2019-09-18 13:20:00,okef/eos.usd.q,4.184,4.186,4.183,4.183,3452.0
2019-09-18 13:21:00,okef/eos.usd.q,4.183,4.184,4.183,4.183,448.0
2019-09-18 13:22:00,okef/eos.usd.q,4.184,4.184,4.18,4.182,7648.0
2019-09-18 13:23:00,okef/eos.usd.q,4.182,4.187,4.182,4.185,57570.0
2019-09-18 13:24:00,okef/eos.usd.q,4.184,4.185,4.183,4.184,3548.0
2019-09-18 13:25:00,okef/eos.usd.q,4.183,4.184,4.183,4.183,3107.0
2019-09-18 13:26:00,okef/eos.usd.q,4.183,4.185,4.183,4.184,5215.0
2019-09-18 13:27:00,okef/eos.usd.q,4.184,4.186,4.184,4.185,1832.0
2019-09-18 13:28:00,okef/eos.usd.q,4.185,4.186,4.185,4.186,2428.0
2019-09-18 13:29:00,okef/eos.usd.q,4.185,4.186,4.184,4.186,2605.0
2019-09-18 13:30:00,okef/eos.usd.q,4.185,4.188,4.184,4.186,7026.0
2019-09-18 13:31:00,okef/eos.usd.q,4.185,4.187,4.185,4.186,4218.0
2019-09-18 13:32:00,okef/eos.usd.q,4.186,4.187,4.184,4.186,5358.0
2019-09-18 13:33:00,okef/eos.usd.q,4.185,4.185,4.184,4.185,1373.0
2019-09-18 13:34:00,okef/eos.usd.q,4.185,4.185,4.182,4.184,6165.0
2019-09-18 13:35:00,okef/eos.usd.q,4.184,4.185,4.182,4.185,5956.0
2019-09-18 13:36:00,okef/eos.usd.q,4.185,4.186,4.184,4.186,1624.0
2019-09-18 13:37:00,okef/eos.usd.q,4.186,4.188,4.185,4.187,3910.0
2019-09-18 13:38:00,okef/eos.usd.q,4.187,4.187,4.184,4.184,2178.0
2019-09-18 13:39:00,okef/eos.usd.q,4.185,4.187,4.184,4.185,2893.0
2019-09-18 13:40:00,okef/eos.usd.q,4.185,4.188,4.185,4.188,4046.0
2019-09-18 13:41:00,okef/eos.usd.q,4.188,4.188,4.186,4.186,157.0
2019-09-18 13:42:00,okef/eos.usd.q,4.186,4.186,4.18,4.182,11017.0
2019-09-18 13:43:00,okef/eos.usd.q,4.182,4.183,4.181,4.181,9843.0
2019-09-18 13:44:00,okef/eos.usd.q,4.181,4.181,4.176,4.176,10803.0
2019-09-18 13:45:00,okef/eos.usd.q,4.176,4.177,4.175,4.176,6629.0
2019-09-18 13:46:00,okef/eos.usd.q,4.176,4.181,4.176,4.181,8811.0
2019-09-18 13:47:00,okef/eos.usd.q,4.181,4.182,4.179,4.179,3410.0
2019-09-18 13:48:00,okef/eos.usd.q,4.178,4.182,4.178,4.181,2744.0
2019-09-18 13:49:00,okef/eos.usd.q,4.181,4.181,4.18,4.18,1808.0
2019-09-18 13:50:00,okef/eos.usd.q,4.181,4.181,4.18,4.18,482.0
2019-09-18 13:51:00,okef/eos.usd.q,4.18,4.182,4.18,4.18,8329.0
2019-09-18 13:52:00,okef/eos.usd.q,4.18,4.181,4.179,4.181,1244.0
2019-09-18 13:53:00,okef/eos.usd.q,4.181,4.181,4.18,4.181,612.0
2019-09-18 13:54:00,okef/eos.usd.q,4.18,4.18,4.178,4.179,691.0
2019-09-18 13:55:00,okef/eos.usd.q,4.178,4.179,4.178,4.178,2832.0
2019-09-18 13:56:00,okef/eos.usd.q,4.179,4.18,4.177,4.177,2580.0
2019-09-18 13:57:00,okef/eos.usd.q,4.177,4.178,4.176,4.176,3780.0
2019-09-18 13:58:00,okef/eos.usd.q,4.176,4.176,4.172,4.175,17298.0
2019-09-18 13:59:00,okef/eos.usd.q,4.175,4.176,4.174,4.175,5213.0
2019-09-18 14:00:00,okef/eos.usd.q,4.176,4.176,4.167,4.167,22070.0
2019-09-18 14:01:00,okef/eos.usd.q,4.167,4.173,4.167,4.17,16446.0
2019-09-18 14:02:00,okef/eos.usd.q,4.17,4.174,4.17,4.174,2345.0
2019-09-18 14:03:00,okef/eos.usd.q,4.173,4.174,4.173,4.174,1578.0
2019-09-18 14:04:00,okef/eos.usd.q,4.174,4.176,4.174,4.175,5447.0
2019-09-18 14:05:00,okef/eos.usd.q,4.176,4.176,4.173,4.175,4811.0
2019-09-18 14:06:00,okef/eos.usd.q,4.175,4.175,4.172,4.173,23479.0
2019-09-18 14:07:00,okef/eos.usd.q,4.174,4.174,4.172,4.172,2079.0
2019-09-18 14:08:00,okef/eos.usd.q,4.173,4.178,4.173,4.178,4447.0
2019-09-18 14:09:00,okef/eos.usd.q,4.178,4.185,4.178,4.182,13272.0
2019-09-18 14:10:00,okef/eos.usd.q,4.182,4.186,4.18,4.185,10460.0
2019-09-18 14:11:00,okef/eos.usd.q,4.184,4.184,4.18,4.18,4428.0
2019-09-18 14:12:00,okef/eos.usd.q,4.18,4.181,4.18,4.181,443.0
2019-09-18 14:13:00,okef/eos.usd.q,4.181,4.184,4.18,4.184,4708.0
2019-09-18 14:14:00,okef/eos.usd.q,4.184,4.184,4.183,4.183,644.0
2019-09-18 14:15:00,okef/eos.usd.q,4.183,4.186,4.183,4.184,6453.0
2019-09-18 14:16:00,okef/eos.usd.q,4.185,4.186,4.185,4.185,3967.0
2019-09-18 14:17:00,okef/eos.usd.q,4.186,4.188,4.184,4.185,6854.0
2019-09-18 14:18:00,okef/eos.usd.q,4.185,4.185,4.179,4.179,9005.0
2019-09-18 14:19:00,okef/eos.usd.q,4.18,4.182,4.179,4.181,4206.0
2019-09-18 14:20:00,okef/eos.usd.q,4.18,4.18,4.178,4.178,3454.0
2019-09-18 14:21:00,okef/eos.usd.q,4.178,4.18,4.176,4.179,5349.0
2019-09-18 14:22:00,okef/eos.usd.q,4.18,4.191,4.18,4.19,21065.0
2019-09-18 14:23:00,okef/eos.usd.q,4.19,4.19,4.186,4.186,6927.0
2019-09-18 14:24:00,okef/eos.usd.q,4.186,4.2,4.186,4.192,40874.0
2019-09-18 14:25:00,okef/eos.usd.q,4.192,4.197,4.191,4.192,18175.0
2019-09-18 14:26:00,okef/eos.usd.q,4.192,4.192,4.19,4.19,2247.0
2019-09-18 14:27:00,okef/eos.usd.q,4.19,4.194,4.19,4.193,5256.0
2019-09-18 14:28:00,okef/eos.usd.q,4.193,4.194,4.189,4.194,9310.0
2019-09-18 14:29:00,okef/eos.usd.q,4.194,4.196,4.193,4.194,2836.0
2019-09-18 14:30:00,okef/eos.usd.q,4.194,4.194,4.19,4.191,6245.0
2019-09-18 14:31:00,okef/eos.usd.q,4.192,4.192,4.189,4.189,4380.0
2019-09-18 14:32:00,okef/eos.usd.q,4.189,4.19,4.186,4.187,5922.0
2019-09-18 14:33:00,okef/eos.usd.q,4.186,4.19,4.186,4.19,3783.0
2019-09-18 14:34:00,okef/eos.usd.q,4.19,4.193,4.186,4.187,7880.0
2019-09-18 14:35:00,okef/eos.usd.q,4.186,4.186,4.183,4.183,13490.0
2019-09-18 14:36:00,okef/eos.usd.q,4.183,4.19,4.181,4.19,16150.0
2019-09-18 14:37:00,okef/eos.usd.q,4.19,4.19,4.186,4.188,4079.0
2019-09-18 14:38:00,okef/eos.usd.q,4.188,4.192,4.185,4.19,3812.0
2019-09-18 14:39:00,okef/eos.usd.q,4.19,4.19,4.189,4.189,1416.0
2019-09-18 14:40:00,okef/eos.usd.q,4.189,4.193,4.189,4.193,14992.0
2019-09-18 14:41:00,okef/eos.usd.q,4.193,4.193,4.19,4.19,7241.0
2019-09-18 14:42:00,okef/eos.usd.q,4.19,4.191,4.187,4.189,14702.0
2019-09-18 14:43:00,okef/eos.usd.q,4.19,4.191,4.188,4.189,1506.0
2019-09-18 14:44:00,okef/eos.usd.q,4.189,4.19,4.188,4.19,871.0
2019-09-18 14:45:00,okef/eos.usd.q,4.19,4.19,4.189,4.189,436.0
2019-09-18 14:46:00,okef/eos.usd.q,4.189,4.189,4.188,4.188,1347.0
2019-09-18 14:47:00,okef/eos.usd.q,4.188,4.188,4.187,4.187,2062.0
2019-09-18 14:48:00,okef/eos.usd.q,4.187,4.187,4.186,4.186,1212.0
2019-09-18 14:49:00,okef/eos.usd.q,4.186,4.188,4.185,4.187,5325.0
2019-09-18 14:50:00,okef/eos.usd.q,4.187,4.189,4.186,4.187,4378.0
2019-09-18 14:51:00,okef/eos.usd.q,4.187,4.188,4.187,4.187,952.0
2019-09-18 14:52:00,okef/eos.usd.q,4.187,4.187,4.186,4.187,1930.0
2019-09-18 14:53:00,okef/eos.usd.q,4.187,4.188,4.186,4.188,1270.0
2019-09-18 14:54:00,okef/eos.usd.q,4.188,4.188,4.187,4.187,1037.0
2019-09-18 14:55:00,okef/eos.usd.q,4.188,4.196,4.186,4.195,58593.0
2019-09-18 14:56:00,okef/eos.usd.q,4.196,4.2,4.195,4.198,21591.0
2019-09-18 14:57:00,okef/eos.usd.q,4.199,4.212,4.199,4.21,62542.0
2019-09-18 14:58:00,okef/eos.usd.q,4.209,4.211,4.203,4.205,37040.0
2019-09-18 14:59:00,okef/eos.usd.q,4.204,4.204,4.191,4.193,31866.0
2019-09-18 15:00:00,okef/eos.usd.q,4.192,4.197,4.19,4.195,14656.0
2019-09-18 15:01:00,okef/eos.usd.q,4.195,4.2,4.195,4.2,8657.0
2019-09-18 15:02:00,okef/eos.usd.q,4.2,4.201,4.195,4.195,8751.0
2019-09-18 15:03:00,okef/eos.usd.q,4.194,4.196,4.194,4.196,870.0
2019-09-18 15:04:00,okef/eos.usd.q,4.196,4.202,4.196,4.202,3525.0
2019-09-18 15:05:00,okef/eos.usd.q,4.202,4.21,4.201,4.206,31298.0
2019-09-18 15:06:00,okef/eos.usd.q,4.205,4.208,4.203,4.203,9093.0
2019-09-18 15:07:00,okef/eos.usd.q,4.204,4.206,4.203,4.205,6810.0
2019-09-18 15:08:00,okef/eos.usd.q,4.204,4.204,4.196,4.197,11826.0
2019-09-18 15:09:00,okef/eos.usd.q,4.197,4.205,4.196,4.203,14704.0
2019-09-18 15:10:00,okef/eos.usd.q,4.202,4.202,4.198,4.199,3313.0
2019-09-18 15:11:00,okef/eos.usd.q,4.198,4.203,4.198,4.199,7159.0
2019-09-18 15:12:00,okef/eos.usd.q,4.199,4.199,4.193,4.196,22947.0
2019-09-18 15:13:00,okef/eos.usd.q,4.196,4.196,4.193,4.193,4860.0
2019-09-18 15:14:00,okef/eos.usd.q,4.193,4.194,4.191,4.191,6716.0
2019-09-18 15:15:00,okef/eos.usd.q,4.19,4.191,4.185,4.186,34778.0
2019-09-18 15:16:00,okef/eos.usd.q,4.187,4.187,4.172,4.173,79553.0
2019-09-18 15:17:00,okef/eos.usd.q,4.172,4.18,4.17,4.178,21788.0
2019-09-18 15:18:00,okef/eos.usd.q,4.178,4.179,4.169,4.169,14184.0
2019-09-18 15:19:00,okef/eos.usd.q,4.17,4.173,4.167,4.171,20929.0
2019-09-18 15:20:00,okef/eos.usd.q,4.171,4.175,4.167,4.17,26730.0
2019-09-18 15:21:00,okef/eos.usd.q,4.17,4.172,4.17,4.17,16549.0
2019-09-18 15:22:00,okef/eos.usd.q,4.17,4.171,4.165,4.171,21352.0
2019-09-18 15:23:00,okef/eos.usd.q,4.171,4.179,4.171,4.179,14465.0
2019-09-18 15:24:00,okef/eos.usd.q,4.179,4.181,4.176,4.177,16587.0
2019-09-18 15:25:00,okef/eos.usd.q,4.176,4.177,4.176,4.177,649.0
2019-09-18 15:26:00,okef/eos.usd.q,4.176,4.176,4.169,4.173,12327.0
2019-09-18 15:27:00,okef/eos.usd.q,4.171,4.174,4.17,4.172,6697.0
2019-09-18 15:28:00,okef/eos.usd.q,4.172,4.173,4.171,4.172,3855.0
2019-09-18 15:29:00,okef/eos.usd.q,4.171,4.176,4.171,4.174,10982.0
2019-09-18 15:30:00,okef/eos.usd.q,4.175,4.175,4.173,4.173,2444.0
2019-09-18 15:31:00,okef/eos.usd.q,4.173,4.173,4.171,4.172,5590.0
2019-09-18 15:32:00,okef/eos.usd.q,4.172,4.175,4.171,4.172,7945.0
2019-09-18 15:33:00,okef/eos.usd.q,4.174,4.176,4.174,4.175,3855.0
2019-09-18 15:34:00,okef/eos.usd.q,4.175,4.176,4.173,4.174,8906.0
2019-09-18 15:35:00,okef/eos.usd.q,4.174,4.174,4.173,4.173,1982.0
2019-09-18 15:36:00,okef/eos.usd.q,4.173,4.173,4.17,4.171,10580.0
2019-09-18 15:37:00,okef/eos.usd.q,4.172,4.173,4.172,4.173,8848.0
2019-09-18 15:38:00,okef/eos.usd.q,4.173,4.175,4.172,4.175,9016.0
2019-09-18 15:39:00,okef/eos.usd.q,4.175,4.181,4.175,4.181,17320.0
2019-09-18 15:40:00,okef/eos.usd.q,4.18,4.182,4.18,4.182,6247.0
2019-09-18 15:41:00,okef/eos.usd.q,4.182,4.198,4.182,4.198,30809.0
2019-09-18 15:42:00,okef/eos.usd.q,4.197,4.2,4.193,4.195,35156.0
2019-09-18 15:43:00,okef/eos.usd.q,4.195,4.198,4.187,4.189,32828.0
2019-09-18 15:44:00,okef/eos.usd.q,4.188,4.188,4.183,4.186,10872.0
2019-09-18 15:45:00,okef/eos.usd.q,4.186,4.197,4.185,4.193,22428.0
2019-09-18 15:46:00,okef/eos.usd.q,4.193,4.199,4.192,4.197,24016.0
2019-09-18 15:47:00,okef/eos.usd.q,4.197,4.197,4.194,4.195,6534.0
2019-09-18 15:48:00,okef/eos.usd.q,4.195,4.196,4.19,4.19,12673.0
2019-09-18 15:49:00,okef/eos.usd.q,4.189,4.193,4.185,4.193,16274.0
2019-09-18 15:50:00,okef/eos.usd.q,4.192,4.192,4.19,4.192,3740.0
2019-09-18 15:51:00,okef/eos.usd.q,4.192,4.193,4.188,4.19,5257.0
2019-09-18 15:52:00,okef/eos.usd.q,4.19,4.191,4.188,4.19,6743.0
2019-09-18 15:53:00,okef/eos.usd.q,4.191,4.192,4.19,4.191,3521.0
2019-09-18 15:54:00,okef/eos.usd.q,4.191,4.192,4.185,4.185,4790.0
2019-09-18 15:55:00,okef/eos.usd.q,4.185,4.187,4.185,4.185,4095.0
2019-09-18 15:56:00,okef/eos.usd.q,4.185,4.186,4.185,4.186,554.0
2019-09-18 15:57:00,okef/eos.usd.q,4.186,4.189,4.186,4.187,8751.0
2019-09-18 15:58:00,okef/eos.usd.q,4.187,4.188,4.186,4.186,3215.0
2019-09-18 15:59:00,okef/eos.usd.q,4.186,4.19,4.186,4.19,2049.0
2019-09-18 16:00:00,okef/eos.usd.q,4.189,4.191,4.189,4.19,1587.0
2019-09-18 16:01:00,okef/eos.usd.q,4.19,4.19,4.187,4.187,2121.0
2019-09-18 16:02:00,okef/eos.usd.q,4.188,4.188,4.184,4.184,8795.0
2019-09-18 16:03:00,okef/eos.usd.q,4.185,4.185,4.178,4.178,18208.0
2019-09-18 16:04:00,okef/eos.usd.q,4.178,4.178,4.173,4.174,13122.0
2019-09-18 16:05:00,okef/eos.usd.q,4.175,4.177,4.172,4.173,24000.0
2019-09-18 16:06:00,okef/eos.usd.q,4.173,4.179,4.173,4.178,7075.0
2019-09-18 16:07:00,okef/eos.usd.q,4.179,4.179,4.175,4.176,8201.0
2019-09-18 16:08:00,okef/eos.usd.q,4.176,4.179,4.176,4.177,2967.0
2019-09-18 16:09:00,okef/eos.usd.q,4.178,4.181,4.177,4.178,15628.0
2019-09-18 16:10:00,okef/eos.usd.q,4.179,4.179,4.176,4.177,7457.0
2019-09-18 16:11:00,okef/eos.usd.q,4.177,4.183,4.177,4.181,11502.0
2019-09-18 16:12:00,okef/eos.usd.q,4.181,4.185,4.181,4.184,6251.0
2019-09-18 16:13:00,okef/eos.usd.q,4.184,4.184,4.181,4.182,7965.0
2019-09-18 16:14:00,okef/eos.usd.q,4.182,4.188,4.182,4.188,5578.0
2019-09-18 16:15:00,okef/eos.usd.q,4.188,4.19,4.188,4.189,6662.0
2019-09-18 16:16:00,okef/eos.usd.q,4.189,4.19,4.189,4.19,752.0
2019-09-18 16:17:00,okef/eos.usd.q,4.19,4.192,4.186,4.187,8285.0
2019-09-18 16:18:00,okef/eos.usd.q,4.187,4.188,4.184,4.185,10108.0
2019-09-18 16:19:00,okef/eos.usd.q,4.184,4.185,4.175,4.177,25656.0
2019-09-18 16:20:00,okef/eos.usd.q,4.178,4.179,4.175,4.178,8080.0
2019-09-18 16:21:00,okef/eos.usd.q,4.179,4.18,4.179,4.179,4528.0
2019-09-18 16:22:00,okef/eos.usd.q,4.179,4.18,4.177,4.178,2066.0
2019-09-18 16:23:00,okef/eos.usd.q,4.178,4.185,4.176,4.183,18765.0
2019-09-18 16:24:00,okef/eos.usd.q,4.182,4.183,4.179,4.182,4442.0
2019-09-18 16:25:00,okef/eos.usd.q,4.182,4.182,4.178,4.179,4906.0
2019-09-18 16:26:00,okef/eos.usd.q,4.179,4.179,4.178,4.179,3114.0
2019-09-18 16:27:00,okef/eos.usd.q,4.178,4.18,4.178,4.178,10007.0
2019-09-18 16:28:00,okef/eos.usd.q,4.178,4.178,4.172,4.173,11351.0
2019-09-18 16:29:00,okef/eos.usd.q,4.174,4.174,4.17,4.171,13840.0
2019-09-18 16:30:00,okef/eos.usd.q,4.171,4.174,4.169,4.173,16349.0
2019-09-18 16:31:00,okef/eos.usd.q,4.174,4.174,4.17,4.172,12799.0
2019-09-18 16:32:00,okef/eos.usd.q,4.172,4.173,4.17,4.172,6110.0
2019-09-18 16:33:00,okef/eos.usd.q,4.173,4.173,4.171,4.173,55191.0
2019-09-18 16:34:00,okef/eos.usd.q,4.172,4.173,4.169,4.169,9871.0
2019-09-18 16:35:00,okef/eos.usd.q,4.168,4.168,4.142,4.153,131688.0
2019-09-18 16:36:00,okef/eos.usd.q,4.153,4.166,4.152,4.163,49345.0
2019-09-18 16:37:00,okef/eos.usd.q,4.162,4.162,4.155,4.156,25431.0
2019-09-18 16:38:00,okef/eos.usd.q,4.157,4.166,4.157,4.166,32119.0
2019-09-18 16:39:00,okef/eos.usd.q,4.165,4.169,4.161,4.169,25016.0
2019-09-18 16:40:00,okef/eos.usd.q,4.169,4.17,4.167,4.167,8443.0
2019-09-18 16:41:00,okef/eos.usd.q,4.167,4.167,4.161,4.164,28018.0
2019-09-18 16:42:00,okef/eos.usd.q,4.163,4.163,4.155,4.157,22039.0
2019-09-18 16:43:00,okef/eos.usd.q,4.158,4.159,4.155,4.158,23268.0
2019-09-18 16:44:00,okef/eos.usd.q,4.158,4.161,4.14,4.151,63318.0
2019-09-18 16:45:00,okef/eos.usd.q,4.151,4.152,4.135,4.145,72864.0
2019-09-18 16:46:00,okef/eos.usd.q,4.145,4.15,4.14,4.149,33194.0
2019-09-18 16:47:00,okef/eos.usd.q,4.149,4.153,4.148,4.151,15822.0
2019-09-18 16:48:00,okef/eos.usd.q,4.151,4.155,4.151,4.153,11663.0
2019-09-18 16:49:00,okef/eos.usd.q,4.154,4.156,4.151,4.156,13452.0
2019-09-18 16:50:00,okef/eos.usd.q,4.156,4.157,4.155,4.156,9162.0
2019-09-18 16:51:00,okef/eos.usd.q,4.155,4.157,4.154,4.157,10563.0
2019-09-18 16:52:00,okef/eos.usd.q,4.156,4.157,4.155,4.156,7281.0
2019-09-18 16:53:00,okef/eos.usd.q,4.155,4.156,4.154,4.156,6553.0
2019-09-18 16:54:00,okef/eos.usd.q,4.156,4.156,4.152,4.155,7409.0
2019-09-18 16:55:00,okef/eos.usd.q,4.155,4.156,4.155,4.155,5429.0
2019-09-18 16:56:00,okef/eos.usd.q,4.156,4.157,4.156,4.157,1477.0
2019-09-18 16:57:00,okef/eos.usd.q,4.157,4.157,4.14,4.145,36208.0
2019-09-18 16:58:00,okef/eos.usd.q,4.145,4.147,4.136,4.145,29156.0
2019-09-18 16:59:00,okef/eos.usd.q,4.146,4.147,4.142,4.143,21627.0
2019-09-18 17:00:00,okef/eos.usd.q,4.144,4.145,4.132,4.132,43947.0
2019-09-18 17:01:00,okef/eos.usd.q,4.134,4.143,4.131,4.14,47436.0
2019-09-18 17:02:00,okef/eos.usd.q,4.141,4.142,4.137,4.139,21298.0
2019-09-18 17:03:00,okef/eos.usd.q,4.139,4.144,4.138,4.144,21503.0
2019-09-18 17:04:00,okef/eos.usd.q,4.144,4.147,4.142,4.147,14997.0
2019-09-18 17:05:00,okef/eos.usd.q,4.146,4.153,4.145,4.152,30594.0
2019-09-18 17:06:00,okef/eos.usd.q,4.152,4.153,4.151,4.152,11536.0
2019-09-18 17:07:00,okef/eos.usd.q,4.152,4.155,4.152,4.154,11387.0
2019-09-18 17:08:00,okef/eos.usd.q,4.155,4.155,4.153,4.155,5532.0
2019-09-18 17:09:00,okef/eos.usd.q,4.155,4.155,4.154,4.154,2248.0
2019-09-18 17:10:00,okef/eos.usd.q,4.154,4.155,4.154,4.155,1113.0
2019-09-18 17:11:00,okef/eos.usd.q,4.155,4.16,4.155,4.158,18529.0
2019-09-18 17:12:00,okef/eos.usd.q,4.159,4.16,4.157,4.158,18490.0
2019-09-18 17:13:00,okef/eos.usd.q,4.158,4.159,4.152,4.153,19170.0
2019-09-18 17:14:00,okef/eos.usd.q,4.153,4.156,4.153,4.154,7704.0
2019-09-18 17:15:00,okef/eos.usd.q,4.153,4.157,4.152,4.156,4669.0
2019-09-18 17:16:00,okef/eos.usd.q,4.157,4.16,4.154,4.159,23258.0
2019-09-18 17:17:00,okef/eos.usd.q,4.16,4.163,4.159,4.163,17397.0
2019-09-18 17:18:00,okef/eos.usd.q,4.163,4.165,4.163,4.164,6735.0
2019-09-18 17:19:00,okef/eos.usd.q,4.164,4.165,4.163,4.164,4386.0
2019-09-18 17:20:00,okef/eos.usd.q,4.163,4.163,4.156,4.162,16373.0
2019-09-18 17:21:00,okef/eos.usd.q,4.163,4.163,4.162,4.162,2669.0
2019-09-18 17:22:00,okef/eos.usd.q,4.163,4.163,4.16,4.161,3371.0
2019-09-18 17:23:00,okef/eos.usd.q,4.161,4.163,4.16,4.161,4580.0
2019-09-18 17:24:00,okef/eos.usd.q,4.161,4.161,4.159,4.159,1299.0
2019-09-18 17:25:00,okef/eos.usd.q,4.159,4.16,4.159,4.16,554.0
2019-09-18 17:26:00,okef/eos.usd.q,4.16,4.16,4.158,4.16,3481.0
2019-09-18 17:27:00,okef/eos.usd.q,4.16,4.16,4.158,4.158,2844.0
2019-09-18 17:28:00,okef/eos.usd.q,4.158,4.16,4.156,4.156,7373.0
2019-09-18 17:29:00,okef/eos.usd.q,4.157,4.158,4.155,4.157,6648.0
2019-09-18 17:30:00,okef/eos.usd.q,4.158,4.158,4.152,4.153,5351.0
2019-09-18 17:31:00,okef/eos.usd.q,4.153,4.153,4.149,4.15,7880.0
2019-09-18 17:32:00,okef/eos.usd.q,4.151,4.156,4.15,4.155,6408.0
2019-09-18 17:33:00,okef/eos.usd.q,4.155,4.155,4.15,4.154,30204.0
2019-09-18 17:34:00,okef/eos.usd.q,4.154,4.156,4.152,4.154,4593.0
2019-09-18 17:35:00,okef/eos.usd.q,4.154,4.159,4.154,4.158,8267.0
2019-09-18 17:36:00,okef/eos.usd.q,4.157,4.158,4.157,4.157,793.0
2019-09-18 17:37:00,okef/eos.usd.q,4.157,4.157,4.153,4.154,3079.0
2019-09-18 17:38:00,okef/eos.usd.q,4.153,4.153,4.152,4.152,2282.0
2019-09-18 17:39:00,okef/eos.usd.q,4.153,4.153,4.152,4.153,1690.0
2019-09-18 17:40:00,okef/eos.usd.q,4.152,4.152,4.15,4.151,4290.0
2019-09-18 17:41:00,okef/eos.usd.q,4.151,4.152,4.148,4.148,12768.0
2019-09-18 17:42:00,okef/eos.usd.q,4.148,4.151,4.148,4.15,4820.0
2019-09-18 17:43:00,okef/eos.usd.q,4.151,4.153,4.15,4.15,4869.0
2019-09-18 17:44:00,okef/eos.usd.q,4.151,4.154,4.15,4.154,5060.0
2019-09-18 17:45:00,okef/eos.usd.q,4.154,4.159,4.154,4.158,10287.0
2019-09-18 17:46:00,okef/eos.usd.q,4.157,4.161,4.157,4.158,6567.0
2019-09-18 17:47:00,okef/eos.usd.q,4.159,4.159,4.158,4.159,969.0
2019-09-18 17:48:00,okef/eos.usd.q,4.159,4.159,4.158,4.159,983.0
2019-09-18 17:49:00,okef/eos.usd.q,4.158,4.159,4.158,4.159,2754.0
2019-09-18 17:50:00,okef/eos.usd.q,4.159,4.159,4.158,4.158,2804.0
2019-09-18 17:51:00,okef/eos.usd.q,4.158,4.16,4.157,4.159,2746.0
2019-09-18 17:52:00,okef/eos.usd.q,4.159,4.159,4.157,4.157,2085.0
2019-09-18 17:53:00,okef/eos.usd.q,4.157,4.157,4.156,4.157,1875.0
2019-09-18 17:54:00,okef/eos.usd.q,4.157,4.161,4.157,4.161,4695.0
2019-09-18 17:55:00,okef/eos.usd.q,4.161,4.162,4.159,4.161,8724.0
2019-09-18 17:56:00,okef/eos.usd.q,4.16,4.16,4.156,4.156,7980.0
2019-09-18 17:57:00,okef/eos.usd.q,4.156,4.158,4.156,4.157,756.0
2019-09-18 17:58:00,okef/eos.usd.q,4.158,4.159,4.157,4.158,464.0
2019-09-18 17:59:00,okef/eos.usd.q,4.159,4.165,4.158,4.164,9869.0
2019-09-18 18:00:00,okef/eos.usd.q,4.164,4.168,4.163,4.168,40285.0
2019-09-18 18:01:00,okef/eos.usd.q,4.167,4.169,4.166,4.169,3959.0
2019-09-18 18:02:00,okef/eos.usd.q,4.168,4.171,4.167,4.171,14708.0
2019-09-18 18:03:00,okef/eos.usd.q,4.171,4.173,4.17,4.17,10387.0
2019-09-18 18:04:00,okef/eos.usd.q,4.171,4.173,4.171,4.171,4339.0
2019-09-18 18:05:00,okef/eos.usd.q,4.172,4.174,4.169,4.169,6849.0
2019-09-18 18:06:00,okef/eos.usd.q,4.169,4.17,4.168,4.168,5465.0
2019-09-18 18:07:00,okef/eos.usd.q,4.168,4.175,4.167,4.174,20552.0
2019-09-18 18:08:00,okef/eos.usd.q,4.174,4.177,4.174,4.176,28270.0
2019-09-18 18:09:00,okef/eos.usd.q,4.177,4.178,4.176,4.178,15635.0
2019-09-18 18:10:00,okef/eos.usd.q,4.178,4.178,4.173,4.173,9596.0
2019-09-18 18:11:00,okef/eos.usd.q,4.173,4.174,4.17,4.171,9564.0
2019-09-18 18:12:00,okef/eos.usd.q,4.171,4.173,4.171,4.173,1634.0
2019-09-18 18:13:00,okef/eos.usd.q,4.173,4.175,4.173,4.175,9412.0
2019-09-18 18:14:00,okef/eos.usd.q,4.175,4.176,4.174,4.174,3933.0
2019-09-18 18:15:00,okef/eos.usd.q,4.174,4.174,4.173,4.173,4799.0
2019-09-18 18:16:00,okef/eos.usd.q,4.173,4.173,4.171,4.171,8872.0
2019-09-18 18:17:00,okef/eos.usd.q,4.171,4.171,4.17,4.17,2964.0
2019-09-18 18:18:00,okef/eos.usd.q,4.17,4.17,4.169,4.169,2793.0
2019-09-18 18:19:00,okef/eos.usd.q,4.17,4.17,4.168,4.168,2338.0
2019-09-18 18:20:00,okef/eos.usd.q,4.168,4.168,4.167,4.167,6675.0
2019-09-18 18:21:00,okef/eos.usd.q,4.167,4.168,4.167,4.168,3021.0
2019-09-18 18:22:00,okef/eos.usd.q,4.168,4.168,4.167,4.168,2778.0
2019-09-18 18:23:00,okef/eos.usd.q,4.167,4.168,4.167,4.167,1183.0
2019-09-18 18:24:00,okef/eos.usd.q,4.168,4.173,4.168,4.172,5951.0
2019-09-18 18:25:00,okef/eos.usd.q,4.172,4.173,4.171,4.171,664.0
2019-09-18 18:26:00,okef/eos.usd.q,4.171,4.172,4.17,4.171,4008.0
2019-09-18 18:27:00,okef/eos.usd.q,4.172,4.175,4.172,4.174,3965.0
2019-09-18 18:28:00,okef/eos.usd.q,4.175,4.194,4.175,4.186,83070.0
2019-09-18 18:29:00,okef/eos.usd.q,4.186,4.195,4.183,4.195,39809.0
2019-09-18 18:30:00,okef/eos.usd.q,4.194,4.195,4.19,4.19,36669.0
2019-09-18 18:31:00,okef/eos.usd.q,4.191,4.191,4.184,4.184,40868.0
2019-09-18 18:32:00,okef/eos.usd.q,4.184,4.192,4.183,4.187,12614.0
2019-09-18 18:33:00,okef/eos.usd.q,4.187,4.188,4.183,4.183,5396.0
2019-09-18 18:34:00,okef/eos.usd.q,4.183,4.188,4.182,4.187,8178.0
2019-09-18 18:35:00,okef/eos.usd.q,4.186,4.188,4.185,4.188,16911.0
2019-09-18 18:36:00,okef/eos.usd.q,4.187,4.188,4.187,4.188,3523.0
2019-09-18 18:37:00,okef/eos.usd.q,4.188,4.193,4.188,4.192,9368.0
2019-09-18 18:38:00,okef/eos.usd.q,4.193,4.195,4.19,4.191,12154.0
2019-09-18 18:39:00,okef/eos.usd.q,4.191,4.196,4.188,4.195,26818.0
2019-09-18 18:40:00,okef/eos.usd.q,4.194,4.194,4.189,4.19,20991.0
2019-09-18 18:41:00,okef/eos.usd.q,4.189,4.189,4.186,4.186,2783.0
2019-09-18 18:42:00,okef/eos.usd.q,4.186,4.187,4.185,4.186,2654.0
2019-09-18 18:43:00,okef/eos.usd.q,4.186,4.191,4.185,4.187,9342.0
2019-09-18 18:44:00,okef/eos.usd.q,4.187,4.188,4.187,4.187,2268.0
2019-09-18 18:45:00,okef/eos.usd.q,4.187,4.187,4.186,4.187,1949.0
2019-09-18 18:46:00,okef/eos.usd.q,4.187,4.187,4.184,4.185,4622.0
2019-09-18 18:47:00,okef/eos.usd.q,4.185,4.188,4.185,4.187,3116.0
2019-09-18 18:48:00,okef/eos.usd.q,4.186,4.187,4.186,4.186,1016.0
2019-09-18 18:49:00,okef/eos.usd.q,4.186,4.188,4.186,4.186,4119.0
2019-09-18 18:50:00,okef/eos.usd.q,4.186,4.189,4.186,4.187,5807.0
2019-09-18 18:51:00,okef/eos.usd.q,4.187,4.187,4.179,4.18,18760.0
2019-09-18 18:52:00,okef/eos.usd.q,4.18,4.18,4.177,4.18,14636.0
2019-09-18 18:53:00,okef/eos.usd.q,4.179,4.179,4.177,4.177,10275.0
2019-09-18 18:54:00,okef/eos.usd.q,4.176,4.177,4.176,4.176,6941.0
2019-09-18 18:55:00,okef/eos.usd.q,4.177,4.177,4.172,4.175,17248.0
2019-09-18 18:56:00,okef/eos.usd.q,4.176,4.176,4.174,4.174,2792.0
2019-09-18 18:57:00,okef/eos.usd.q,4.174,4.175,4.174,4.174,2174.0
2019-09-18 18:58:00,okef/eos.usd.q,4.174,4.174,4.172,4.174,6695.0
2019-09-18 18:59:00,okef/eos.usd.q,4.174,4.176,4.174,4.176,4211.0
2019-09-18 19:00:00,okef/eos.usd.q,4.176,4.176,4.175,4.175,3644.0
2019-09-18 19:01:00,okef/eos.usd.q,4.176,4.176,4.169,4.169,12477.0
2019-09-18 19:02:00,okef/eos.usd.q,4.169,4.17,4.168,4.169,3500.0
2019-09-18 19:03:00,okef/eos.usd.q,4.17,4.172,4.168,4.169,10117.0
2019-09-18 19:04:00,okef/eos.usd.q,4.168,4.168,4.167,4.168,4441.0
2019-09-18 19:05:00,okef/eos.usd.q,4.168,4.173,4.167,4.172,7805.0
2019-09-18 19:06:00,okef/eos.usd.q,4.173,4.173,4.17,4.171,4301.0
2019-09-18 19:07:00,okef/eos.usd.q,4.171,4.175,4.171,4.175,2059.0
2019-09-18 19:08:00,okef/eos.usd.q,4.174,4.176,4.173,4.173,5573.0
2019-09-18 19:09:00,okef/eos.usd.q,4.173,4.174,4.172,4.173,1161.0
2019-09-18 19:10:00,okef/eos.usd.q,4.174,4.174,4.17,4.172,8526.0
2019-09-18 19:11:00,okef/eos.usd.q,4.172,4.172,4.171,4.172,1613.0
2019-09-18 19:12:00,okef/eos.usd.q,4.172,4.172,4.171,4.172,366.0
2019-09-18 19:13:00,okef/eos.usd.q,4.172,4.173,4.171,4.172,839.0
2019-09-18 19:14:00,okef/eos.usd.q,4.173,4.173,4.172,4.172,3145.0
2019-09-18 19:15:00,okef/eos.usd.q,4.171,4.172,4.171,4.171,697.0
2019-09-18 19:16:00,okef/eos.usd.q,4.171,4.173,4.171,4.173,5272.0
2019-09-18 19:17:00,okef/eos.usd.q,4.173,4.173,4.172,4.172,583.0
2019-09-18 19:18:00,okef/eos.usd.q,4.173,4.173,4.172,4.172,4804.0
2019-09-18 19:19:00,okef/eos.usd.q,4.172,4.173,4.171,4.172,5746.0
2019-09-18 19:20:00,okef/eos.usd.q,4.173,4.173,4.171,4.172,8521.0
2019-09-18 19:21:00,okef/eos.usd.q,4.172,4.175,4.172,4.172,9431.0
2019-09-18 19:22:00,okef/eos.usd.q,4.172,4.172,4.169,4.17,5612.0
2019-09-18 19:23:00,okef/eos.usd.q,4.17,4.171,4.169,4.171,2720.0
2019-09-18 19:24:00,okef/eos.usd.q,4.172,4.175,4.17,4.175,10510.0
2019-09-18 19:25:00,okef/eos.usd.q,4.175,4.175,4.174,4.175,1265.0
2019-09-18 19:26:00,okef/eos.usd.q,4.174,4.174,4.173,4.174,734.0
2019-09-18 19:27:00,okef/eos.usd.q,4.174,4.174,4.171,4.171,2966.0
2019-09-18 19:28:00,okef/eos.usd.q,4.172,4.173,4.172,4.173,9703.0
2019-09-18 19:29:00,okef/eos.usd.q,4.172,4.173,4.17,4.171,2009.0
2019-09-18 19:30:00,okef/eos.usd.q,4.171,4.172,4.17,4.17,2857.0
2019-09-18 19:31:00,okef/eos.usd.q,4.17,4.171,4.169,4.169,4358.0
2019-09-18 19:32:00,okef/eos.usd.q,4.169,4.17,4.169,4.17,3942.0
2019-09-18 19:33:00,okef/eos.usd.q,4.171,4.172,4.17,4.17,1876.0
2019-09-18 19:34:00,okef/eos.usd.q,4.17,4.171,4.17,4.17,580.0
2019-09-18 19:35:00,okef/eos.usd.q,4.17,4.17,4.168,4.169,3754.0
2019-09-18 19:36:00,okef/eos.usd.q,4.17,4.173,4.17,4.172,11478.0
2019-09-18 19:37:00,okef/eos.usd.q,4.172,4.178,4.172,4.175,21497.0
2019-09-18 19:38:00,okef/eos.usd.q,4.175,4.176,4.171,4.173,11667.0
2019-09-18 19:39:00,okef/eos.usd.q,4.174,4.174,4.172,4.174,3195.0
2019-09-18 19:40:00,okef/eos.usd.q,4.173,4.173,4.169,4.17,10990.0
2019-09-18 19:41:00,okef/eos.usd.q,4.169,4.17,4.163,4.164,13418.0
2019-09-18 19:42:00,okef/eos.usd.q,4.164,4.164,4.154,4.156,35296.0
2019-09-18 19:43:00,okef/eos.usd.q,4.156,4.159,4.153,4.153,16117.0
2019-09-18 19:44:00,okef/eos.usd.q,4.153,4.154,4.143,4.144,68019.0
2019-09-18 19:45:00,okef/eos.usd.q,4.144,4.156,4.143,4.155,51463.0
2019-09-18 19:46:00,okef/eos.usd.q,4.154,4.157,4.152,4.157,8102.0
2019-09-18 19:47:00,okef/eos.usd.q,4.158,4.162,4.155,4.156,19133.0
2019-09-18 19:48:00,okef/eos.usd.q,4.155,4.156,4.155,4.155,949.0
2019-09-18 19:49:00,okef/eos.usd.q,4.155,4.157,4.154,4.156,6206.0
2019-09-18 19:50:00,okef/eos.usd.q,4.155,4.156,4.154,4.154,1262.0
2019-09-18 19:51:00,okef/eos.usd.q,4.155,4.155,4.153,4.153,6099.0
2019-09-18 19:52:00,okef/eos.usd.q,4.153,4.165,4.153,4.165,20798.0
2019-09-18 19:53:00,okef/eos.usd.q,4.162,4.162,4.16,4.16,16486.0
2019-09-18 19:54:00,okef/eos.usd.q,4.16,4.163,4.16,4.163,7188.0
2019-09-18 19:55:00,okef/eos.usd.q,4.162,4.166,4.162,4.165,20765.0
2019-09-18 19:56:00,okef/eos.usd.q,4.166,4.166,4.161,4.161,7025.0
2019-09-18 19:57:00,okef/eos.usd.q,4.161,4.162,4.159,4.159,2643.0
2019-09-18 19:58:00,okef/eos.usd.q,4.158,4.163,4.158,4.161,8764.0
2019-09-18 19:59:00,okef/eos.usd.q,4.16,4.161,4.156,4.158,4645.0
2019-09-18 20:00:00,okef/eos.usd.q,4.157,4.157,4.153,4.153,13693.0
2019-09-18 20:01:00,okef/eos.usd.q,4.154,4.156,4.154,4.155,4823.0
2019-09-18 20:02:00,okef/eos.usd.q,4.154,4.154,4.152,4.153,3536.0
2019-09-18 20:03:00,okef/eos.usd.q,4.153,4.153,4.152,4.152,1789.0
2019-09-18 20:04:00,okef/eos.usd.q,4.152,4.153,4.148,4.149,15666.0
2019-09-18 20:05:00,okef/eos.usd.q,4.148,4.153,4.135,4.146,116465.0
2019-09-18 20:06:00,okef/eos.usd.q,4.145,4.158,4.143,4.152,36336.0
2019-09-18 20:07:00,okef/eos.usd.q,4.153,4.165,4.152,4.163,27652.0
2019-09-18 20:08:00,okef/eos.usd.q,4.163,4.165,4.156,4.16,14421.0
2019-09-18 20:09:00,okef/eos.usd.q,4.161,4.167,4.161,4.164,35759.0
2019-09-18 20:10:00,okef/eos.usd.q,4.165,4.171,4.164,4.17,30074.0
2019-09-18 20:11:00,okef/eos.usd.q,4.169,4.173,4.168,4.171,28034.0
2019-09-18 20:12:00,okef/eos.usd.q,4.171,4.175,4.17,4.174,28547.0
2019-09-18 20:13:00,okef/eos.usd.q,4.174,4.189,4.173,4.188,85339.0
2019-09-18 20:14:00,okef/eos.usd.q,4.188,4.19,4.184,4.185,55952.0
2019-09-18 20:15:00,okef/eos.usd.q,4.186,4.187,4.182,4.185,20561.0
2019-09-18 20:16:00,okef/eos.usd.q,4.185,4.196,4.184,4.191,63025.0
2019-09-18 20:17:00,okef/eos.usd.q,4.192,4.194,4.187,4.187,33300.0
2019-09-18 20:18:00,okef/eos.usd.q,4.187,4.188,4.178,4.178,38539.0
2019-09-18 20:19:00,okef/eos.usd.q,4.178,4.18,4.175,4.177,15283.0
2019-09-18 20:20:00,okef/eos.usd.q,4.178,4.182,4.177,4.182,3843.0
2019-09-18 20:21:00,okef/eos.usd.q,4.181,4.182,4.178,4.18,8508.0
2019-09-18 20:22:00,okef/eos.usd.q,4.18,4.185,4.18,4.184,6350.0
2019-09-18 20:23:00,okef/eos.usd.q,4.185,4.185,4.184,4.184,3693.0
2019-09-18 20:24:00,okef/eos.usd.q,4.185,4.186,4.183,4.186,4948.0
2019-09-18 20:25:00,okef/eos.usd.q,4.186,4.192,4.186,4.192,31840.0
2019-09-18 20:26:00,okef/eos.usd.q,4.191,4.192,4.189,4.192,10270.0
2019-09-18 20:27:00,okef/eos.usd.q,4.191,4.198,4.189,4.196,38388.0
2019-09-18 20:28:00,okef/eos.usd.q,4.197,4.198,4.192,4.192,13125.0
2019-09-18 20:29:00,okef/eos.usd.q,4.192,4.196,4.191,4.193,15550.0
2019-09-18 20:30:00,okef/eos.usd.q,4.193,4.194,4.187,4.187,18649.0
2019-09-18 20:31:00,okef/eos.usd.q,4.187,4.187,4.181,4.183,15769.0
2019-09-18 20:32:00,okef/eos.usd.q,4.182,4.185,4.18,4.185,9717.0
2019-09-18 20:33:00,okef/eos.usd.q,4.186,4.188,4.184,4.188,12134.0
2019-09-18 20:34:00,okef/eos.usd.q,4.188,4.193,4.187,4.19,11062.0
2019-09-18 20:35:00,okef/eos.usd.q,4.191,4.191,4.19,4.19,8598.0
2019-09-18 20:36:00,okef/eos.usd.q,4.19,4.191,4.187,4.187,3954.0
2019-09-18 20:37:00,okef/eos.usd.q,4.188,4.188,4.185,4.185,5400.0
2019-09-18 20:38:00,okef/eos.usd.q,4.185,4.185,4.182,4.185,10068.0
2019-09-18 20:39:00,okef/eos.usd.q,4.185,4.185,4.182,4.182,5105.0
2019-09-18 20:40:00,okef/eos.usd.q,4.182,4.183,4.182,4.183,1857.0
2019-09-18 20:41:00,okef/eos.usd.q,4.182,4.182,4.177,4.177,20825.0
2019-09-18 20:42:00,okef/eos.usd.q,4.177,4.177,4.176,4.176,6693.0
2019-09-18 20:43:00,okef/eos.usd.q,4.176,4.181,4.176,4.181,8984.0
2019-09-18 20:44:00,okef/eos.usd.q,4.181,4.183,4.181,4.182,2329.0
2019-09-18 20:45:00,okef/eos.usd.q,4.182,4.185,4.182,4.184,2777.0
2019-09-18 20:46:00,okef/eos.usd.q,4.184,4.184,4.182,4.184,7290.0
2019-09-18 20:47:00,okef/eos.usd.q,4.183,4.183,4.182,4.183,1134.0
2019-09-18 20:48:00,okef/eos.usd.q,4.182,4.183,4.181,4.181,680.0
2019-09-18 20:49:00,okef/eos.usd.q,4.182,4.183,4.182,4.182,1013.0
2019-09-18 20:50:00,okef/eos.usd.q,4.183,4.183,4.182,4.182,477.0
2019-09-18 20:51:00,okef/eos.usd.q,4.182,4.184,4.181,4.183,2938.0
2019-09-18 20:52:00,okef/eos.usd.q,4.183,4.184,4.182,4.184,2987.0
2019-09-18 20:53:00,okef/eos.usd.q,4.183,4.184,4.183,4.183,4451.0
2019-09-18 20:54:00,okef/eos.usd.q,4.183,4.183,4.181,4.182,484.0
2019-09-18 20:55:00,okef/eos.usd.q,4.181,4.182,4.178,4.18,4592.0
2019-09-18 20:56:00,okef/eos.usd.q,4.18,4.18,4.177,4.178,3235.0
2019-09-18 20:57:00,okef/eos.usd.q,4.178,4.179,4.177,4.177,2166.0
2019-09-18 20:58:00,okef/eos.usd.q,4.178,4.184,4.178,4.184,7465.0
2019-09-18 20:59:00,okef/eos.usd.q,4.184,4.187,4.183,4.187,6513.0
2019-09-18 21:00:00,okef/eos.usd.q,4.188,4.188,4.186,4.186,3011.0
2019-09-18 21:01:00,okef/eos.usd.q,4.187,4.188,4.184,4.187,4141.0
2019-09-18 21:02:00,okef/eos.usd.q,4.188,4.19,4.188,4.19,5525.0
2019-09-18 21:03:00,okef/eos.usd.q,4.189,4.192,4.189,4.192,11749.0
2019-09-18 21:04:00,okef/eos.usd.q,4.192,4.193,4.192,4.193,4456.0
2019-09-18 21:05:00,okef/eos.usd.q,4.193,4.207,4.193,4.207,90521.0
2019-09-18 21:06:00,okef/eos.usd.q,4.207,4.209,4.204,4.207,34070.0
2019-09-18 21:07:00,okef/eos.usd.q,4.207,4.209,4.2,4.2,37923.0
2019-09-18 21:08:00,okef/eos.usd.q,4.199,4.199,4.196,4.196,13086.0
2019-09-18 21:09:00,okef/eos.usd.q,4.197,4.2,4.194,4.2,12795.0
2019-09-18 21:10:00,okef/eos.usd.q,4.2,4.201,4.199,4.199,5228.0
2019-09-18 21:11:00,okef/eos.usd.q,4.2,4.201,4.2,4.2,6381.0
2019-09-18 21:12:00,okef/eos.usd.q,4.2,4.201,4.197,4.197,8146.0
2019-09-18 21:13:00,okef/eos.usd.q,4.197,4.2,4.193,4.196,29929.0
2019-09-18 21:14:00,okef/eos.usd.q,4.197,4.198,4.193,4.195,24145.0
2019-09-18 21:15:00,okef/eos.usd.q,4.195,4.2,4.194,4.2,4698.0
2019-09-18 21:16:00,okef/eos.usd.q,4.201,4.204,4.197,4.197,21757.0
2019-09-18 21:17:00,okef/eos.usd.q,4.198,4.199,4.193,4.193,12484.0
2019-09-18 21:18:00,okef/eos.usd.q,4.193,4.194,4.189,4.19,20914.0
2019-09-18 21:19:00,okef/eos.usd.q,4.19,4.19,4.187,4.188,9995.0
2019-09-18 21:20:00,okef/eos.usd.q,4.188,4.189,4.187,4.188,3301.0
2019-09-18 21:21:00,okef/eos.usd.q,4.187,4.188,4.186,4.187,11956.0
2019-09-18 21:22:00,okef/eos.usd.q,4.186,4.188,4.185,4.187,5444.0
2019-09-18 21:23:00,okef/eos.usd.q,4.187,4.189,4.187,4.188,7240.0
2019-09-18 21:24:00,okef/eos.usd.q,4.188,4.189,4.187,4.188,7418.0
2019-09-18 21:25:00,okef/eos.usd.q,4.188,4.191,4.187,4.19,7551.0
2019-09-18 21:26:00,okef/eos.usd.q,4.191,4.194,4.191,4.194,8377.0
2019-09-18 21:27:00,okef/eos.usd.q,4.194,4.195,4.193,4.194,1750.0
2019-09-18 21:28:00,okef/eos.usd.q,4.195,4.197,4.193,4.193,13143.0
2019-09-18 21:29:00,okef/eos.usd.q,4.194,4.194,4.193,4.193,2685.0
2019-09-18 21:30:00,okef/eos.usd.q,4.193,4.196,4.19,4.196,12583.0
2019-09-18 21:31:00,okef/eos.usd.q,4.195,4.197,4.194,4.197,6295.0
2019-09-18 21:32:00,okef/eos.usd.q,4.197,4.199,4.196,4.198,5133.0
2019-09-18 21:33:00,okef/eos.usd.q,4.198,4.199,4.197,4.197,6326.0
2019-09-18 21:34:00,okef/eos.usd.q,4.198,4.198,4.195,4.195,4588.0
2019-09-18 21:35:00,okef/eos.usd.q,4.195,4.197,4.192,4.192,11605.0
2019-09-18 21:36:00,okef/eos.usd.q,4.192,4.193,4.189,4.191,7589.0
2019-09-18 21:37:00,okef/eos.usd.q,4.19,4.19,4.188,4.188,5855.0
2019-09-18 21:38:00,okef/eos.usd.q,4.188,4.188,4.184,4.184,8440.0
2019-09-18 21:39:00,okef/eos.usd.q,4.185,4.188,4.182,4.185,13463.0
2019-09-18 21:40:00,okef/eos.usd.q,4.185,4.189,4.185,4.188,2316.0
2019-09-18 21:41:00,okef/eos.usd.q,4.187,4.189,4.186,4.189,3725.0
2019-09-18 21:42:00,okef/eos.usd.q,4.189,4.189,4.18,4.182,22967.0
2019-09-18 21:43:00,okef/eos.usd.q,4.181,4.181,4.176,4.176,15981.0
2019-09-18 21:44:00,okef/eos.usd.q,4.176,4.182,4.176,4.18,10793.0
2019-09-18 21:45:00,okef/eos.usd.q,4.18,4.183,4.18,4.183,3920.0
2019-09-18 21:46:00,okef/eos.usd.q,4.183,4.188,4.183,4.187,4746.0
2019-09-18 21:47:00,okef/eos.usd.q,4.186,4.188,4.186,4.188,7941.0
2019-09-18 21:48:00,okef/eos.usd.q,4.188,4.189,4.187,4.188,2802.0
2019-09-18 21:49:00,okef/eos.usd.q,4.188,4.189,4.188,4.189,2427.0
2019-09-18 21:50:00,okef/eos.usd.q,4.19,4.196,4.19,4.194,9719.0
2019-09-18 21:51:00,okef/eos.usd.q,4.194,4.195,4.192,4.192,3405.0
2019-09-18 21:52:00,okef/eos.usd.q,4.192,4.192,4.19,4.19,1652.0
2019-09-18 21:53:00,okef/eos.usd.q,4.19,4.19,4.188,4.189,5917.0
2019-09-18 21:54:00,okef/eos.usd.q,4.189,4.193,4.189,4.193,5056.0
2019-09-18 21:55:00,okef/eos.usd.q,4.193,4.195,4.193,4.194,10993.0
2019-09-18 21:56:00,okef/eos.usd.q,4.194,4.194,4.192,4.193,8122.0
2019-09-18 21:57:00,okef/eos.usd.q,4.193,4.203,4.193,4.203,22303.0
2019-09-18 21:58:00,okef/eos.usd.q,4.203,4.243,4.203,4.242,199128.0
2019-09-18 21:59:00,okef/eos.usd.q,4.241,4.241,4.217,4.229,97160.0
2019-09-18 22:00:00,okef/eos.usd.q,4.228,4.255,4.228,4.244,138959.0
2019-09-18 22:01:00,okef/eos.usd.q,4.245,4.251,4.224,4.225,145639.0
2019-09-18 22:02:00,okef/eos.usd.q,4.226,4.228,4.218,4.223,62253.0
2019-09-18 22:03:00,okef/eos.usd.q,4.223,4.24,4.222,4.232,40828.0
2019-09-18 22:04:00,okef/eos.usd.q,4.233,4.235,4.226,4.231,53939.0
2019-09-18 22:05:00,okef/eos.usd.q,4.23,4.234,4.226,4.229,62487.0
2019-09-18 22:06:00,okef/eos.usd.q,4.23,4.243,4.23,4.242,78861.0
2019-09-18 22:07:00,okef/eos.usd.q,4.242,4.242,4.232,4.235,38507.0
2019-09-18 22:08:00,okef/eos.usd.q,4.234,4.235,4.227,4.227,30163.0
2019-09-18 22:09:00,okef/eos.usd.q,4.226,4.229,4.226,4.229,20397.0
2019-09-18 22:10:00,okef/eos.usd.q,4.23,4.234,4.228,4.228,11730.0
2019-09-18 22:11:00,okef/eos.usd.q,4.229,4.234,4.224,4.233,34400.0
2019-09-18 22:12:00,okef/eos.usd.q,4.234,4.239,4.232,4.236,22252.0
2019-09-18 22:13:00,okef/eos.usd.q,4.237,4.243,4.234,4.237,37809.0
2019-09-18 22:14:00,okef/eos.usd.q,4.236,4.239,4.23,4.23,18666.0
2019-09-18 22:15:00,okef/eos.usd.q,4.23,4.232,4.226,4.23,24013.0
2019-09-18 22:16:00,okef/eos.usd.q,4.23,4.231,4.218,4.218,30772.0
2019-09-18 22:17:00,okef/eos.usd.q,4.219,4.224,4.218,4.221,19721.0
2019-09-18 22:18:00,okef/eos.usd.q,4.221,4.221,4.213,4.219,52565.0
2019-09-18 22:19:00,okef/eos.usd.q,4.219,4.221,4.217,4.218,16208.0
2019-09-18 22:20:00,okef/eos.usd.q,4.219,4.224,4.218,4.223,9158.0
2019-09-18 22:21:00,okef/eos.usd.q,4.223,4.223,4.218,4.221,15342.0
2019-09-18 22:22:00,okef/eos.usd.q,4.221,4.232,4.221,4.23,17542.0
2019-09-18 22:23:00,okef/eos.usd.q,4.23,4.234,4.228,4.229,23745.0
2019-09-18 22:24:00,okef/eos.usd.q,4.229,4.236,4.228,4.236,20352.0
2019-09-18 22:25:00,okef/eos.usd.q,4.235,4.237,4.231,4.233,20775.0
2019-09-18 22:26:00,okef/eos.usd.q,4.233,4.236,4.233,4.236,17512.0
2019-09-18 22:27:00,okef/eos.usd.q,4.236,4.254,4.236,4.252,74445.0
2019-09-18 22:28:00,okef/eos.usd.q,4.251,4.252,4.243,4.247,50693.0
2019-09-18 22:29:00,okef/eos.usd.q,4.247,4.248,4.243,4.247,35692.0
2019-09-18 22:30:00,okef/eos.usd.q,4.246,4.247,4.242,4.246,38818.0
2019-09-18 22:31:00,okef/eos.usd.q,4.246,4.247,4.228,4.229,40377.0
2019-09-18 22:32:00,okef/eos.usd.q,4.23,4.236,4.227,4.234,28504.0
2019-09-18 22:33:00,okef/eos.usd.q,4.234,4.234,4.225,4.225,40787.0
2019-09-18 22:34:00,okef/eos.usd.q,4.225,4.23,4.224,4.229,17528.0
2019-09-18 22:35:00,okef/eos.usd.q,4.229,4.23,4.228,4.229,9683.0
2019-09-18 22:36:00,okef/eos.usd.q,4.229,4.234,4.227,4.233,13335.0
2019-09-18 22:37:00,okef/eos.usd.q,4.233,4.238,4.233,4.233,10824.0
2019-09-18 22:38:00,okef/eos.usd.q,4.233,4.237,4.229,4.229,16072.0
2019-09-18 22:39:00,okef/eos.usd.q,4.228,4.234,4.228,4.231,17246.0
2019-09-18 22:40:00,okef/eos.usd.q,4.231,4.242,4.231,4.24,16294.0
2019-09-18 22:41:00,okef/eos.usd.q,4.24,4.24,4.231,4.233,14772.0
2019-09-18 22:42:00,okef/eos.usd.q,4.234,4.236,4.232,4.232,5310.0
2019-09-18 22:43:00,okef/eos.usd.q,4.232,4.237,4.231,4.234,15646.0
2019-09-18 22:44:00,okef/eos.usd.q,4.234,4.234,4.23,4.231,5724.0
2019-09-18 22:45:00,okef/eos.usd.q,4.231,4.234,4.228,4.228,16385.0
2019-09-18 22:46:00,okef/eos.usd.q,4.229,4.23,4.228,4.23,11413.0
2019-09-18 22:47:00,okef/eos.usd.q,4.23,4.23,4.224,4.224,29877.0
2019-09-18 22:48:00,okef/eos.usd.q,4.224,4.226,4.22,4.225,18386.0
2019-09-18 22:49:00,okef/eos.usd.q,4.225,4.229,4.224,4.228,8154.0
2019-09-18 22:50:00,okef/eos.usd.q,4.228,4.229,4.227,4.227,6762.0
2019-09-18 22:51:00,okef/eos.usd.q,4.227,4.23,4.227,4.23,5425.0
2019-09-18 22:52:00,okef/eos.usd.q,4.229,4.23,4.226,4.227,3843.0
2019-09-18 22:53:00,okef/eos.usd.q,4.227,4.227,4.215,4.217,32412.0
2019-09-18 22:54:00,okef/eos.usd.q,4.218,4.218,4.212,4.217,27804.0
2019-09-18 22:55:00,okef/eos.usd.q,4.217,4.222,4.214,4.222,25698.0
2019-09-18 22:56:00,okef/eos.usd.q,4.221,4.224,4.214,4.215,32484.0
2019-09-18 22:57:00,okef/eos.usd.q,4.214,4.219,4.214,4.215,4537.0
2019-09-18 22:58:00,okef/eos.usd.q,4.215,4.217,4.215,4.216,12580.0
2019-09-18 22:59:00,okef/eos.usd.q,4.215,4.216,4.21,4.212,18138.0
2019-09-18 23:00:00,okef/eos.usd.q,4.211,4.217,4.21,4.216,34652.0
2019-09-18 23:01:00,okef/eos.usd.q,4.216,4.222,4.216,4.222,9907.0
2019-09-18 23:02:00,okef/eos.usd.q,4.222,4.228,4.222,4.226,12510.0
2019-09-18 23:03:00,okef/eos.usd.q,4.226,4.227,4.221,4.225,12151.0
2019-09-18 23:04:00,okef/eos.usd.q,4.224,4.225,4.222,4.222,6708.0
2019-09-18 23:05:00,okef/eos.usd.q,4.222,4.223,4.22,4.22,3276.0
2019-09-18 23:06:00,okef/eos.usd.q,4.22,4.222,4.219,4.222,3888.0
2019-09-18 23:07:00,okef/eos.usd.q,4.222,4.223,4.221,4.221,3480.0
2019-09-18 23:08:00,okef/eos.usd.q,4.222,4.225,4.221,4.222,10536.0
2019-09-18 23:09:00,okef/eos.usd.q,4.223,4.224,4.223,4.223,1806.0
2019-09-18 23:10:00,okef/eos.usd.q,4.223,4.224,4.221,4.221,3670.0
2019-09-18 23:11:00,okef/eos.usd.q,4.221,4.229,4.22,4.225,19242.0
2019-09-18 23:12:00,okef/eos.usd.q,4.225,4.226,4.224,4.224,2633.0
2019-09-18 23:13:00,okef/eos.usd.q,4.224,4.225,4.215,4.215,13540.0
2019-09-18 23:14:00,okef/eos.usd.q,4.215,4.215,4.191,4.197,92224.0
2019-09-18 23:15:00,okef/eos.usd.q,4.197,4.202,4.195,4.195,181140.0
2019-09-18 23:16:00,okef/eos.usd.q,4.195,4.203,4.188,4.202,45041.0
2019-09-18 23:17:00,okef/eos.usd.q,4.201,4.202,4.176,4.177,76557.0
2019-09-18 23:18:00,okef/eos.usd.q,4.178,4.182,4.157,4.18,168576.0
2019-09-18 23:19:00,okef/eos.usd.q,4.179,4.181,4.168,4.176,70134.0
2019-09-18 23:20:00,okef/eos.usd.q,4.175,4.182,4.172,4.182,38317.0
2019-09-18 23:21:00,okef/eos.usd.q,4.182,4.19,4.182,4.19,16431.0
2019-09-18 23:22:00,okef/eos.usd.q,4.189,4.194,4.183,4.187,27586.0
2019-09-18 23:23:00,okef/eos.usd.q,4.186,4.186,4.179,4.18,16613.0
2019-09-18 23:24:00,okef/eos.usd.q,4.18,4.188,4.178,4.187,8410.0
2019-09-18 23:25:00,okef/eos.usd.q,4.188,4.189,4.179,4.18,14158.0
2019-09-18 23:26:00,okef/eos.usd.q,4.181,4.184,4.171,4.173,23836.0
2019-09-18 23:27:00,okef/eos.usd.q,4.173,4.18,4.166,4.179,45886.0
2019-09-18 23:28:00,okef/eos.usd.q,4.179,4.179,4.174,4.175,26962.0
2019-09-18 23:29:00,okef/eos.usd.q,4.176,4.178,4.175,4.178,9389.0
2019-09-18 23:30:00,okef/eos.usd.q,4.178,4.182,4.175,4.179,21569.0
2019-09-18 23:31:00,okef/eos.usd.q,4.18,4.184,4.178,4.184,17593.0
2019-09-18 23:32:00,okef/eos.usd.q,4.184,4.186,4.181,4.184,12076.0
2019-09-18 23:33:00,okef/eos.usd.q,4.184,4.187,4.172,4.174,32131.0
2019-09-18 23:34:00,okef/eos.usd.q,4.173,4.179,4.166,4.169,17028.0
2019-09-18 23:35:00,okef/eos.usd.q,4.169,4.176,4.168,4.175,12671.0
2019-09-18 23:36:00,okef/eos.usd.q,4.176,4.179,4.176,4.178,6415.0
2019-09-18 23:37:00,okef/eos.usd.q,4.179,4.18,4.175,4.176,9087.0
2019-09-18 23:38:00,okef/eos.usd.q,4.175,4.178,4.17,4.178,20127.0
2019-09-18 23:39:00,okef/eos.usd.q,4.178,4.179,4.171,4.174,8806.0
2019-09-18 23:40:00,okef/eos.usd.q,4.173,4.176,4.169,4.173,14186.0
2019-09-18 23:41:00,okef/eos.usd.q,4.173,4.173,4.165,4.165,25465.0
2019-09-18 23:42:00,okef/eos.usd.q,4.165,4.168,4.156,4.167,64755.0
2019-09-18 23:43:00,okef/eos.usd.q,4.167,4.175,4.167,4.174,13109.0
2019-09-18 23:44:00,okef/eos.usd.q,4.174,4.174,4.171,4.173,7155.0
2019-09-18 23:45:00,okef/eos.usd.q,4.173,4.173,4.167,4.173,15012.0
2019-09-18 23:46:00,okef/eos.usd.q,4.173,4.173,4.168,4.17,9142.0
2019-09-18 23:47:00,okef/eos.usd.q,4.17,4.171,4.169,4.17,3265.0
2019-09-18 23:48:00,okef/eos.usd.q,4.169,4.179,4.169,4.179,35802.0
2019-09-18 23:49:00,okef/eos.usd.q,4.179,4.184,4.178,4.181,29967.0
2019-09-18 23:50:00,okef/eos.usd.q,4.182,4.182,4.176,4.179,8595.0
2019-09-18 23:51:00,okef/eos.usd.q,4.179,4.18,4.178,4.18,3751.0
2019-09-18 23:52:00,okef/eos.usd.q,4.179,4.179,4.174,4.176,12322.0
2019-09-18 23:53:00,okef/eos.usd.q,4.175,4.176,4.174,4.176,8287.0
2019-09-18 23:54:00,okef/eos.usd.q,4.176,4.18,4.176,4.18,11081.0
2019-09-18 23:55:00,okef/eos.usd.q,4.18,4.19,4.18,4.19,25875.0
2019-09-18 23:56:00,okef/eos.usd.q,4.19,4.191,4.188,4.19,11196.0
2019-09-18 23:57:00,okef/eos.usd.q,4.189,4.19,4.184,4.186,25116.0
2019-09-18 23:58:00,okef/eos.usd.q,4.186,4.19,4.185,4.188,16431.0
2019-09-18 23:59:00,okef/eos.usd.q,4.187,4.187,4.182,4.186,8744.0
2019-09-19 00:00:00,okef/eos.usd.q,4.186,4.19,4.183,4.189,20144.0
2019-09-19 00:01:00,okef/eos.usd.q,4.189,4.198,4.188,4.195,44832.0
2019-09-19 00:02:00,okef/eos.usd.q,4.195,4.195,4.18,4.18,33661.0
2019-09-19 00:03:00,okef/eos.usd.q,4.18,4.184,4.168,4.168,40194.0
2019-09-19 00:04:00,okef/eos.usd.q,4.169,4.17,4.108,4.11,308082.0
2019-09-19 00:05:00,okef/eos.usd.q,4.11,4.164,4.101,4.156,320682.0
2019-09-19 00:06:00,okef/eos.usd.q,4.156,4.175,4.152,4.169,152210.0
2019-09-19 00:07:00,okef/eos.usd.q,4.169,4.17,4.159,4.162,70795.0
2019-09-19 00:08:00,okef/eos.usd.q,4.163,4.191,4.163,4.189,93184.0
2019-09-19 00:09:00,okef/eos.usd.q,4.189,4.192,4.18,4.188,45087.0
2019-09-19 00:10:00,okef/eos.usd.q,4.188,4.226,4.187,4.203,205134.0
2019-09-19 00:11:00,okef/eos.usd.q,4.204,4.205,4.192,4.197,47276.0
2019-09-19 00:12:00,okef/eos.usd.q,4.197,4.205,4.196,4.197,50595.0
2019-09-19 00:13:00,okef/eos.usd.q,4.196,4.215,4.196,4.21,64962.0
2019-09-19 00:14:00,okef/eos.usd.q,4.212,4.214,4.202,4.207,42205.0
2019-09-19 00:15:00,okef/eos.usd.q,4.207,4.212,4.202,4.202,56332.0
2019-09-19 00:16:00,okef/eos.usd.q,4.204,4.206,4.2,4.202,23847.0
2019-09-19 00:17:00,okef/eos.usd.q,4.202,4.214,4.202,4.212,21951.0
2019-09-19 00:18:00,okef/eos.usd.q,4.213,4.22,4.21,4.215,50629.0
2019-09-19 00:19:00,okef/eos.usd.q,4.216,4.217,4.204,4.207,33985.0
2019-09-19 00:20:00,okef/eos.usd.q,4.207,4.216,4.207,4.215,19423.0
2019-09-19 00:21:00,okef/eos.usd.q,4.215,4.215,4.208,4.21,16439.0
2019-09-19 00:22:00,okef/eos.usd.q,4.209,4.215,4.207,4.213,14542.0
2019-09-19 00:23:00,okef/eos.usd.q,4.213,4.213,4.204,4.205,7886.0
2019-09-19 00:24:00,okef/eos.usd.q,4.205,4.205,4.196,4.201,38173.0
2019-09-19 00:25:00,okef/eos.usd.q,4.201,4.203,4.198,4.201,8606.0
2019-09-19 00:26:00,okef/eos.usd.q,4.2,4.2,4.195,4.198,6376.0
2019-09-19 00:27:00,okef/eos.usd.q,4.198,4.198,4.196,4.197,2742.0
2019-09-19 00:28:00,okef/eos.usd.q,4.198,4.203,4.197,4.203,11261.0
2019-09-19 00:29:00,okef/eos.usd.q,4.203,4.212,4.2,4.2,19417.0
2019-09-19 00:30:00,okef/eos.usd.q,4.2,4.205,4.2,4.205,3182.0
2019-09-19 00:31:00,okef/eos.usd.q,4.205,4.22,4.205,4.218,39613.0
2019-09-19 00:32:00,okef/eos.usd.q,4.218,4.226,4.217,4.222,49512.0
2019-09-19 00:33:00,okef/eos.usd.q,4.221,4.225,4.218,4.219,22581.0
2019-09-19 00:34:00,okef/eos.usd.q,4.218,4.228,4.218,4.227,24309.0
2019-09-19 00:35:00,okef/eos.usd.q,4.226,4.231,4.221,4.223,32004.0
2019-09-19 00:36:00,okef/eos.usd.q,4.223,4.231,4.221,4.227,22562.0
2019-09-19 00:37:00,okef/eos.usd.q,4.226,4.227,4.224,4.225,11128.0
2019-09-19 00:38:00,okef/eos.usd.q,4.226,4.227,4.222,4.225,13442.0
2019-09-19 00:39:00,okef/eos.usd.q,4.226,4.236,4.226,4.229,31293.0
2019-09-19 00:40:00,okef/eos.usd.q,4.228,4.231,4.224,4.231,24267.0
2019-09-19 00:41:00,okef/eos.usd.q,4.231,4.231,4.221,4.222,11727.0
2019-09-19 00:42:00,okef/eos.usd.q,4.222,4.224,4.216,4.216,14793.0
2019-09-19 00:43:00,okef/eos.usd.q,4.216,4.218,4.209,4.217,14095.0
2019-09-19 00:44:00,okef/eos.usd.q,4.217,4.217,4.215,4.217,7041.0
2019-09-19 00:45:00,okef/eos.usd.q,4.218,4.219,4.209,4.213,16870.0
2019-09-19 00:46:00,okef/eos.usd.q,4.213,4.214,4.211,4.212,19736.0
2019-09-19 00:47:00,okef/eos.usd.q,4.212,4.212,4.208,4.211,3946.0
2019-09-19 00:48:00,okef/eos.usd.q,4.21,4.216,4.21,4.216,6636.0
2019-09-19 00:49:00,okef/eos.usd.q,4.216,4.221,4.216,4.221,5927.0
2019-09-19 00:50:00,okef/eos.usd.q,4.221,4.236,4.22,4.231,74934.0
2019-09-19 00:51:00,okef/eos.usd.q,4.232,4.232,4.226,4.23,7783.0
2019-09-19 00:52:00,okef/eos.usd.q,4.23,4.236,4.229,4.23,10205.0
2019-09-19 00:53:00,okef/eos.usd.q,4.229,4.232,4.228,4.228,7104.0
2019-09-19 00:54:00,okef/eos.usd.q,4.228,4.229,4.221,4.226,11027.0
2019-09-19 00:55:00,okef/eos.usd.q,4.225,4.228,4.224,4.224,4159.0
2019-09-19 00:56:00,okef/eos.usd.q,4.224,4.23,4.224,4.229,16353.0
2019-09-19 00:57:00,okef/eos.usd.q,4.228,4.244,4.227,4.234,70811.0
2019-09-19 00:58:00,okef/eos.usd.q,4.234,4.235,4.227,4.227,18429.0
2019-09-19 00:59:00,okef/eos.usd.q,4.227,4.24,4.227,4.237,28064.0
2019-09-19 01:00:00,okef/eos.usd.q,4.237,4.242,4.231,4.231,33519.0
2019-09-19 01:01:00,okef/eos.usd.q,4.231,4.231,4.217,4.221,29315.0
2019-09-19 01:02:00,okef/eos.usd.q,4.22,4.222,4.219,4.221,8444.0
2019-09-19 01:03:00,okef/eos.usd.q,4.223,4.227,4.217,4.227,19646.0
2019-09-19 01:04:00,okef/eos.usd.q,4.228,4.229,4.221,4.222,8361.0
2019-09-19 01:05:00,okef/eos.usd.q,4.222,4.226,4.217,4.222,13660.0
2019-09-19 01:06:00,okef/eos.usd.q,4.222,4.226,4.221,4.222,5196.0
2019-09-19 01:07:00,okef/eos.usd.q,4.221,4.222,4.216,4.22,11122.0
2019-09-19 01:08:00,okef/eos.usd.q,4.219,4.222,4.219,4.22,8319.0
2019-09-19 01:09:00,okef/eos.usd.q,4.219,4.22,4.209,4.21,41218.0
2019-09-19 01:10:00,okef/eos.usd.q,4.209,4.214,4.208,4.214,16339.0
2019-09-19 01:11:00,okef/eos.usd.q,4.214,4.214,4.207,4.207,13082.0
2019-09-19 01:12:00,okef/eos.usd.q,4.208,4.212,4.207,4.212,1288.0
2019-09-19 01:13:00,okef/eos.usd.q,4.212,4.212,4.21,4.21,3490.0
2019-09-19 01:14:00,okef/eos.usd.q,4.21,4.211,4.209,4.21,5370.0
2019-09-19 01:15:00,okef/eos.usd.q,4.211,4.212,4.207,4.21,7030.0
2019-09-19 01:16:00,okef/eos.usd.q,4.21,4.21,4.207,4.207,2065.0
2019-09-19 01:17:00,okef/eos.usd.q,4.208,4.21,4.206,4.208,7629.0
2019-09-19 01:18:00,okef/eos.usd.q,4.208,4.211,4.207,4.208,12897.0
2019-09-19 01:19:00,okef/eos.usd.q,4.207,4.21,4.207,4.21,722.0
2019-09-19 01:20:00,okef/eos.usd.q,4.21,4.213,4.21,4.212,4367.0
2019-09-19 01:21:00,okef/eos.usd.q,4.213,4.213,4.211,4.211,2821.0
2019-09-19 01:22:00,okef/eos.usd.q,4.211,4.212,4.21,4.21,5881.0
2019-09-19 01:23:00,okef/eos.usd.q,4.21,4.215,4.21,4.215,8232.0
2019-09-19 01:24:00,okef/eos.usd.q,4.215,4.216,4.214,4.215,3275.0
2019-09-19 01:25:00,okef/eos.usd.q,4.214,4.218,4.212,4.218,8329.0
2019-09-19 01:26:00,okef/eos.usd.q,4.218,4.222,4.215,4.215,21632.0
2019-09-19 01:27:00,okef/eos.usd.q,4.216,4.218,4.214,4.214,8836.0
2019-09-19 01:28:00,okef/eos.usd.q,4.214,4.214,4.21,4.21,4669.0
2019-09-19 01:29:00,okef/eos.usd.q,4.211,4.214,4.208,4.213,7747.0
2019-09-19 01:30:00,okef/eos.usd.q,4.214,4.221,4.214,4.215,12007.0
2019-09-19 01:31:00,okef/eos.usd.q,4.215,4.216,4.21,4.212,3337.0
2019-09-19 01:32:00,okef/eos.usd.q,4.212,4.219,4.212,4.218,14665.0
2019-09-19 01:33:00,okef/eos.usd.q,4.219,4.219,4.213,4.213,5192.0
2019-09-19 01:34:00,okef/eos.usd.q,4.213,4.214,4.212,4.213,4105.0
2019-09-19 01:35:00,okef/eos.usd.q,4.212,4.212,4.203,4.208,14647.0
2019-09-19 01:36:00,okef/eos.usd.q,4.209,4.213,4.209,4.213,1420.0
2019-09-19 01:37:00,okef/eos.usd.q,4.212,4.212,4.208,4.21,3880.0
2019-09-19 01:38:00,okef/eos.usd.q,4.21,4.211,4.209,4.211,1043.0
2019-09-19 01:39:00,okef/eos.usd.q,4.211,4.215,4.21,4.214,11369.0
2019-09-19 01:40:00,okef/eos.usd.q,4.215,4.22,4.215,4.216,9968.0
2019-09-19 01:41:00,okef/eos.usd.q,4.216,4.217,4.21,4.217,6327.0
2019-09-19 01:42:00,okef/eos.usd.q,4.217,4.217,4.213,4.213,2716.0
2019-09-19 01:43:00,okef/eos.usd.q,4.213,4.214,4.206,4.208,11704.0
2019-09-19 01:44:00,okef/eos.usd.q,4.208,4.22,4.208,4.215,11747.0
2019-09-19 01:45:00,okef/eos.usd.q,4.215,4.218,4.214,4.214,5466.0
2019-09-19 01:46:00,okef/eos.usd.q,4.213,4.214,4.208,4.212,6105.0
2019-09-19 01:47:00,okef/eos.usd.q,4.212,4.214,4.212,4.213,3374.0
2019-09-19 01:48:00,okef/eos.usd.q,4.213,4.213,4.213,4.213,547.0
2019-09-19 01:49:00,okef/eos.usd.q,4.212,4.213,4.212,4.213,279.0
2019-09-19 01:50:00,okef/eos.usd.q,4.213,4.213,4.209,4.211,5650.0
2019-09-19 01:51:00,okef/eos.usd.q,4.212,4.213,4.212,4.213,708.0
2019-09-19 01:52:00,okef/eos.usd.q,4.214,4.214,4.212,4.213,2057.0
2019-09-19 01:53:00,okef/eos.usd.q,4.213,4.214,4.212,4.214,302.0
2019-09-19 01:54:00,okef/eos.usd.q,4.214,4.214,4.21,4.213,1990.0
2019-09-19 01:55:00,okef/eos.usd.q,4.212,4.212,4.212,4.212,614.0
2019-09-19 01:56:00,okef/eos.usd.q,4.212,4.212,4.211,4.211,2603.0
2019-09-19 01:57:00,okef/eos.usd.q,4.212,4.213,4.212,4.212,885.0
2019-09-19 01:58:00,okef/eos.usd.q,4.212,4.213,4.212,4.213,1070.0
2019-09-19 01:59:00,okef/eos.usd.q,4.213,4.218,4.213,4.218,7637.0
2019-09-19 02:00:00,okef/eos.usd.q,4.218,4.218,4.204,4.207,13929.0
2019-09-19 02:01:00,okef/eos.usd.q,4.207,4.22,4.207,4.219,15119.0
2019-09-19 02:02:00,okef/eos.usd.q,4.22,4.235,4.219,4.229,60914.0
2019-09-19 02:03:00,okef/eos.usd.q,4.229,4.229,4.214,4.218,19595.0
2019-09-19 02:04:00,okef/eos.usd.q,4.219,4.228,4.219,4.225,38265.0
2019-09-19 02:05:00,okef/eos.usd.q,4.224,4.227,4.223,4.227,14334.0
2019-09-19 02:06:00,okef/eos.usd.q,4.227,4.228,4.222,4.224,7445.0
2019-09-19 02:07:00,okef/eos.usd.q,4.224,4.224,4.221,4.223,4554.0
2019-09-19 02:08:00,okef/eos.usd.q,4.224,4.224,4.221,4.221,2491.0
2019-09-19 02:09:00,okef/eos.usd.q,4.221,4.223,4.22,4.221,1759.0
2019-09-19 02:10:00,okef/eos.usd.q,4.222,4.222,4.22,4.221,3776.0
2019-09-19 02:11:00,okef/eos.usd.q,4.221,4.221,4.216,4.217,3953.0
2019-09-19 02:12:00,okef/eos.usd.q,4.217,4.217,4.215,4.216,286.0
2019-09-19 02:13:00,okef/eos.usd.q,4.216,4.219,4.215,4.216,7261.0
2019-09-19 02:14:00,okef/eos.usd.q,4.216,4.216,4.215,4.215,902.0
2019-09-19 02:15:00,okef/eos.usd.q,4.216,4.216,4.21,4.212,12472.0
2019-09-19 02:16:00,okef/eos.usd.q,4.212,4.216,4.211,4.212,20397.0
2019-09-19 02:17:00,okef/eos.usd.q,4.211,4.211,4.204,4.209,35654.0
2019-09-19 02:18:00,okef/eos.usd.q,4.208,4.212,4.208,4.209,5674.0
2019-09-19 02:19:00,okef/eos.usd.q,4.208,4.211,4.205,4.209,10753.0
2019-09-19 02:20:00,okef/eos.usd.q,4.209,4.212,4.208,4.21,3257.0
2019-09-19 02:21:00,okef/eos.usd.q,4.21,4.213,4.209,4.209,3580.0
2019-09-19 02:22:00,okef/eos.usd.q,4.209,4.211,4.204,4.211,18254.0
2019-09-19 02:23:00,okef/eos.usd.q,4.21,4.219,4.21,4.219,9531.0
2019-09-19 02:24:00,okef/eos.usd.q,4.218,4.218,4.207,4.208,19495.0
2019-09-19 02:25:00,okef/eos.usd.q,4.208,4.214,4.206,4.208,10977.0
2019-09-19 02:26:00,okef/eos.usd.q,4.208,4.212,4.208,4.212,1018.0
2019-09-19 02:27:00,okef/eos.usd.q,4.212,4.212,4.211,4.211,460.0
2019-09-19 02:28:00,okef/eos.usd.q,4.211,4.217,4.211,4.217,4839.0
2019-09-19 02:29:00,okef/eos.usd.q,4.217,4.217,4.214,4.216,6373.0
2019-09-19 02:30:00,okef/eos.usd.q,4.215,4.215,4.214,4.214,966.0
2019-09-19 02:31:00,okef/eos.usd.q,4.213,4.213,4.21,4.21,2348.0
2019-09-19 02:32:00,okef/eos.usd.q,4.21,4.212,4.209,4.212,6572.0
2019-09-19 02:33:00,okef/eos.usd.q,4.212,4.212,4.21,4.21,4510.0
2019-09-19 02:34:00,okef/eos.usd.q,4.21,4.214,4.206,4.212,11142.0
2019-09-19 02:35:00,okef/eos.usd.q,4.212,4.213,4.207,4.208,7249.0
2019-09-19 02:36:00,okef/eos.usd.q,4.208,4.214,4.207,4.207,7514.0
2019-09-19 02:37:00,okef/eos.usd.q,4.207,4.211,4.205,4.21,3936.0
2019-09-19 02:38:00,okef/eos.usd.q,4.21,4.21,4.204,4.204,3125.0
2019-09-19 02:39:00,okef/eos.usd.q,4.204,4.207,4.2,4.201,7605.0
2019-09-19 02:40:00,okef/eos.usd.q,4.201,4.207,4.2,4.203,9156.0
2019-09-19 02:41:00,okef/eos.usd.q,4.203,4.205,4.202,4.205,5963.0
2019-09-19 02:42:00,okef/eos.usd.q,4.205,4.205,4.204,4.204,2030.0
2019-09-19 02:43:00,okef/eos.usd.q,4.203,4.206,4.201,4.206,4142.0
2019-09-19 02:44:00,okef/eos.usd.q,4.206,4.206,4.199,4.199,5957.0
2019-09-19 02:45:00,okef/eos.usd.q,4.198,4.198,4.185,4.192,37308.0
2019-09-19 02:46:00,okef/eos.usd.q,4.192,4.195,4.19,4.19,10378.0
2019-09-19 02:47:00,okef/eos.usd.q,4.189,4.19,4.187,4.188,6637.0
2019-09-19 02:48:00,okef/eos.usd.q,4.189,4.191,4.172,4.179,27427.0
2019-09-19 02:49:00,okef/eos.usd.q,4.18,4.19,4.178,4.179,13861.0
2019-09-19 02:50:00,okef/eos.usd.q,4.179,4.189,4.179,4.189,10392.0
2019-09-19 02:51:00,okef/eos.usd.q,4.189,4.189,4.181,4.183,12283.0
2019-09-19 02:52:00,okef/eos.usd.q,4.183,4.186,4.183,4.184,6821.0
2019-09-19 02:53:00,okef/eos.usd.q,4.182,4.182,4.177,4.18,5532.0
2019-09-19 02:54:00,okef/eos.usd.q,4.18,4.182,4.177,4.181,14846.0
2019-09-19 02:55:00,okef/eos.usd.q,4.181,4.187,4.181,4.187,10544.0
2019-09-19 02:56:00,okef/eos.usd.q,4.187,4.188,4.182,4.183,5763.0
2019-09-19 02:57:00,okef/eos.usd.q,4.182,4.185,4.182,4.184,2296.0
2019-09-19 02:58:00,okef/eos.usd.q,4.186,4.187,4.186,4.186,1154.0
2019-09-19 02:59:00,okef/eos.usd.q,4.186,4.187,4.185,4.187,2374.0
2019-09-19 03:00:00,okef/eos.usd.q,4.187,4.187,4.18,4.181,6788.0
2019-09-19 03:01:00,okef/eos.usd.q,4.181,4.181,4.174,4.175,10786.0
2019-09-19 03:02:00,okef/eos.usd.q,4.175,4.177,4.174,4.176,4016.0
2019-09-19 03:03:00,okef/eos.usd.q,4.176,4.176,4.162,4.168,57170.0
2019-09-19 03:04:00,okef/eos.usd.q,4.167,4.172,4.167,4.17,10142.0
2019-09-19 03:05:00,okef/eos.usd.q,4.171,4.174,4.171,4.173,8246.0
2019-09-19 03:06:00,okef/eos.usd.q,4.172,4.177,4.172,4.176,2716.0
2019-09-19 03:07:00,okef/eos.usd.q,4.177,4.18,4.174,4.18,6513.0
2019-09-19 03:08:00,okef/eos.usd.q,4.18,4.18,4.174,4.175,8420.0
2019-09-19 03:09:00,okef/eos.usd.q,4.175,4.177,4.175,4.176,1963.0
2019-09-19 03:10:00,okef/eos.usd.q,4.176,4.176,4.16,4.166,38967.0
2019-09-19 03:11:00,okef/eos.usd.q,4.166,4.173,4.165,4.172,17894.0
2019-09-19 03:12:00,okef/eos.usd.q,4.172,4.172,4.167,4.169,6130.0
2019-09-19 03:13:00,okef/eos.usd.q,4.168,4.172,4.167,4.171,3235.0
2019-09-19 03:14:00,okef/eos.usd.q,4.172,4.172,4.168,4.17,2829.0
2019-09-19 03:15:00,okef/eos.usd.q,4.17,4.17,4.169,4.169,2171.0
2019-09-19 03:16:00,okef/eos.usd.q,4.169,4.171,4.169,4.171,2306.0
2019-09-19 03:17:00,okef/eos.usd.q,4.17,4.17,4.164,4.165,2415.0
2019-09-19 03:18:00,okef/eos.usd.q,4.165,4.167,4.164,4.166,5219.0
2019-09-19 03:19:00,okef/eos.usd.q,4.166,4.166,4.163,4.164,6098.0
2019-09-19 03:20:00,okef/eos.usd.q,4.164,4.165,4.159,4.165,8188.0
2019-09-19 03:21:00,okef/eos.usd.q,4.165,4.165,4.164,4.165,1588.0
2019-09-19 03:22:00,okef/eos.usd.q,4.164,4.165,4.16,4.162,5068.0
2019-09-19 03:23:00,okef/eos.usd.q,4.162,4.164,4.162,4.163,2056.0
2019-09-19 03:24:00,okef/eos.usd.q,4.163,4.163,4.161,4.161,1328.0
2019-09-19 03:25:00,okef/eos.usd.q,4.161,4.162,4.157,4.159,12444.0
2019-09-19 03:26:00,okef/eos.usd.q,4.159,4.16,4.159,4.16,1551.0
2019-09-19 03:27:00,okef/eos.usd.q,4.16,4.16,4.15,4.151,53763.0
2019-09-19 03:28:00,okef/eos.usd.q,4.152,4.157,4.151,4.154,13004.0
2019-09-19 03:29:00,okef/eos.usd.q,4.154,4.155,4.152,4.152,6270.0
2019-09-19 03:30:00,okef/eos.usd.q,4.152,4.153,4.145,4.149,39718.0
2019-09-19 03:31:00,okef/eos.usd.q,4.148,4.162,4.148,4.161,17679.0
2019-09-19 03:32:00,okef/eos.usd.q,4.161,4.161,4.155,4.158,19727.0
2019-09-19 03:33:00,okef/eos.usd.q,4.158,4.165,4.158,4.16,5763.0
2019-09-19 03:34:00,okef/eos.usd.q,4.16,4.16,4.158,4.158,3677.0
2019-09-19 03:35:00,okef/eos.usd.q,4.158,4.159,4.158,4.159,5060.0
2019-09-19 03:36:00,okef/eos.usd.q,4.158,4.16,4.158,4.16,2634.0
2019-09-19 03:37:00,okef/eos.usd.q,4.16,4.162,4.16,4.162,2442.0
2019-09-19 03:38:00,okef/eos.usd.q,4.162,4.163,4.158,4.158,11029.0
2019-09-19 03:39:00,okef/eos.usd.q,4.158,4.164,4.158,4.163,4948.0
2019-09-19 03:40:00,okef/eos.usd.q,4.162,4.167,4.162,4.166,7823.0
2019-09-19 03:41:00,okef/eos.usd.q,4.166,4.166,4.165,4.165,1450.0
2019-09-19 03:42:00,okef/eos.usd.q,4.165,4.167,4.16,4.16,8560.0
2019-09-19 03:43:00,okef/eos.usd.q,4.16,4.165,4.159,4.164,8195.0
2019-09-19 03:44:00,okef/eos.usd.q,4.163,4.163,4.158,4.159,4031.0
2019-09-19 03:45:00,okef/eos.usd.q,4.159,4.159,4.158,4.158,1113.0
2019-09-19 03:46:00,okef/eos.usd.q,4.158,4.158,4.152,4.153,13111.0
2019-09-19 03:47:00,okef/eos.usd.q,4.153,4.156,4.153,4.155,2243.0
2019-09-19 03:48:00,okef/eos.usd.q,4.154,4.156,4.153,4.155,1693.0
2019-09-19 03:49:00,okef/eos.usd.q,4.155,4.156,4.152,4.156,2328.0
2019-09-19 03:50:00,okef/eos.usd.q,4.155,4.169,4.155,4.169,11251.0
2019-09-19 03:51:00,okef/eos.usd.q,4.17,4.175,4.165,4.166,9241.0
2019-09-19 03:52:00,okef/eos.usd.q,4.166,4.167,4.165,4.166,1242.0
2019-09-19 03:53:00,okef/eos.usd.q,4.166,4.171,4.166,4.17,3041.0
2019-09-19 03:54:00,okef/eos.usd.q,4.17,4.18,4.169,4.176,19493.0
2019-09-19 03:55:00,okef/eos.usd.q,4.176,4.178,4.17,4.17,11823.0
2019-09-19 03:56:00,okef/eos.usd.q,4.17,4.178,4.17,4.177,5023.0
2019-09-19 03:57:00,okef/eos.usd.q,4.177,4.177,4.173,4.176,1303.0
2019-09-19 03:58:00,okef/eos.usd.q,4.176,4.176,4.17,4.174,4734.0
2019-09-19 03:59:00,okef/eos.usd.q,4.173,4.173,4.171,4.172,1224.0
2019-09-19 04:00:00,okef/eos.usd.q,4.172,4.175,4.168,4.169,10786.0
2019-09-19 04:01:00,okef/eos.usd.q,4.169,4.177,4.169,4.174,8519.0
2019-09-19 04:02:00,okef/eos.usd.q,4.174,4.176,4.173,4.175,3357.0
2019-09-19 04:03:00,okef/eos.usd.q,4.175,4.18,4.174,4.179,4484.0
2019-09-19 04:04:00,okef/eos.usd.q,4.178,4.178,4.176,4.176,2538.0
2019-09-19 04:05:00,okef/eos.usd.q,4.176,4.179,4.174,4.179,5839.0
2019-09-19 04:06:00,okef/eos.usd.q,4.178,4.18,4.175,4.175,3550.0
2019-09-19 04:07:00,okef/eos.usd.q,4.176,4.18,4.176,4.176,5705.0
2019-09-19 04:08:00,okef/eos.usd.q,4.175,4.178,4.175,4.176,2110.0
2019-09-19 04:09:00,okef/eos.usd.q,4.177,4.177,4.176,4.177,815.0
2019-09-19 04:10:00,okef/eos.usd.q,4.177,4.177,4.174,4.175,4895.0
2019-09-19 04:11:00,okef/eos.usd.q,4.175,4.175,4.173,4.173,8240.0
2019-09-19 04:12:00,okef/eos.usd.q,4.174,4.175,4.173,4.173,1629.0
2019-09-19 04:13:00,okef/eos.usd.q,4.173,4.174,4.173,4.173,367.0
2019-09-19 04:14:00,okef/eos.usd.q,4.173,4.173,4.161,4.169,13971.0
2019-09-19 04:15:00,okef/eos.usd.q,4.169,4.176,4.167,4.172,10469.0
2019-09-19 04:16:00,okef/eos.usd.q,4.172,4.175,4.168,4.168,2514.0
2019-09-19 04:17:00,okef/eos.usd.q,4.168,4.172,4.167,4.171,2801.0
2019-09-19 04:18:00,okef/eos.usd.q,4.171,4.171,4.167,4.167,877.0
2019-09-19 04:19:00,okef/eos.usd.q,4.167,4.172,4.167,4.169,2560.0
2019-09-19 04:20:00,okef/eos.usd.q,4.168,4.174,4.166,4.173,3893.0
2019-09-19 04:21:00,okef/eos.usd.q,4.172,4.172,4.168,4.17,2342.0
2019-09-19 04:22:00,okef/eos.usd.q,4.17,4.17,4.16,4.169,18877.0
2019-09-19 04:23:00,okef/eos.usd.q,4.17,4.175,4.166,4.171,17431.0
2019-09-19 04:24:00,okef/eos.usd.q,4.17,4.17,4.165,4.167,2476.0
2019-09-19 04:25:00,okef/eos.usd.q,4.167,4.171,4.167,4.171,1850.0
2019-09-19 04:26:00,okef/eos.usd.q,4.171,4.173,4.171,4.173,2104.0
2019-09-19 04:27:00,okef/eos.usd.q,4.173,4.174,4.171,4.174,933.0
2019-09-19 04:28:00,okef/eos.usd.q,4.174,4.176,4.17,4.17,9678.0
2019-09-19 04:29:00,okef/eos.usd.q,4.17,4.173,4.17,4.171,1379.0
2019-09-19 04:30:00,okef/eos.usd.q,4.172,4.173,4.17,4.173,1734.0
2019-09-19 04:31:00,okef/eos.usd.q,4.173,4.174,4.173,4.174,1380.0
2019-09-19 04:32:00,okef/eos.usd.q,4.174,4.175,4.174,4.175,134.0
2019-09-19 04:33:00,okef/eos.usd.q,4.175,4.176,4.175,4.176,514.0
2019-09-19 04:34:00,okef/eos.usd.q,4.175,4.176,4.175,4.175,8.0
2019-09-19 04:35:00,okef/eos.usd.q,4.175,4.175,4.174,4.174,1337.0
2019-09-19 04:36:00,okef/eos.usd.q,4.175,4.179,4.175,4.178,6425.0
2019-09-19 04:37:00,okef/eos.usd.q,4.178,4.181,4.178,4.179,3778.0
2019-09-19 04:38:00,okef/eos.usd.q,4.18,4.181,4.18,4.181,610.0
2019-09-19 04:39:00,okef/eos.usd.q,4.18,4.18,4.176,4.177,4108.0
2019-09-19 04:40:00,okef/eos.usd.q,4.177,4.177,4.176,4.177,2094.0
2019-09-19 04:41:00,okef/eos.usd.q,4.177,4.179,4.177,4.179,567.0
2019-09-19 04:42:00,okef/eos.usd.q,4.179,4.183,4.179,4.181,4375.0
2019-09-19 04:43:00,okef/eos.usd.q,4.181,4.181,4.177,4.177,1093.0
2019-09-19 04:44:00,okef/eos.usd.q,4.178,4.183,4.178,4.183,7606.0
2019-09-19 04:45:00,okef/eos.usd.q,4.183,4.185,4.183,4.183,9170.0
2019-09-19 04:46:00,okef/eos.usd.q,4.184,4.184,4.183,4.183,907.0
2019-09-19 04:47:00,okef/eos.usd.q,4.183,4.184,4.181,4.181,2755.0
2019-09-19 04:48:00,okef/eos.usd.q,4.181,4.182,4.18,4.182,1478.0
2019-09-19 04:49:00,okef/eos.usd.q,4.181,4.182,4.181,4.181,560.0
2019-09-19 04:50:00,okef/eos.usd.q,4.182,4.183,4.182,4.182,4143.0
2019-09-19 04:51:00,okef/eos.usd.q,4.183,4.184,4.182,4.183,1111.0
2019-09-19 04:52:00,okef/eos.usd.q,4.183,4.184,4.182,4.183,894.0
2019-09-19 04:53:00,okef/eos.usd.q,4.183,4.183,4.182,4.183,245.0
2019-09-19 04:54:00,okef/eos.usd.q,4.182,4.182,4.182,4.182,285.0
2019-09-19 04:55:00,okef/eos.usd.q,4.182,4.182,4.181,4.182,1787.0
2019-09-19 04:56:00,okef/eos.usd.q,4.182,4.182,4.182,4.182,3.0
2019-09-19 04:57:00,okef/eos.usd.q,4.182,4.182,4.182,4.182,904.0
2019-09-19 04:58:00,okef/eos.usd.q,4.182,4.182,4.182,4.182,433.0
2019-09-19 04:59:00,okef/eos.usd.q,4.182,4.182,4.182,4.182,42.0
2019-09-19 05:00:00,okef/eos.usd.q,4.182,4.191,4.182,4.188,19386.0
2019-09-19 05:01:00,okef/eos.usd.q,4.188,4.188,4.186,4.187,2190.0
2019-09-19 05:02:00,okef/eos.usd.q,4.187,4.19,4.187,4.19,881.0
2019-09-19 05:03:00,okef/eos.usd.q,4.19,4.193,4.188,4.189,2803.0
2019-09-19 05:04:00,okef/eos.usd.q,4.189,4.189,4.189,4.189,9.0
2019-09-19 05:05:00,okef/eos.usd.q,4.19,4.191,4.19,4.191,224.0
2019-09-19 05:06:00,okef/eos.usd.q,4.19,4.191,4.189,4.19,2481.0
2019-09-19 05:07:00,okef/eos.usd.q,4.191,4.194,4.19,4.192,6965.0
2019-09-19 05:08:00,okef/eos.usd.q,4.191,4.191,4.19,4.19,303.0
2019-09-19 05:09:00,okef/eos.usd.q,4.191,4.202,4.191,4.2,14105.0
2019-09-19 05:10:00,okef/eos.usd.q,4.201,4.206,4.198,4.202,13523.0
2019-09-19 05:11:00,okef/eos.usd.q,4.202,4.203,4.202,4.202,818.0
2019-09-19 05:12:00,okef/eos.usd.q,4.202,4.202,4.202,4.202,420.0
2019-09-19 05:13:00,okef/eos.usd.q,4.202,4.202,4.196,4.196,10315.0
2019-09-19 05:14:00,okef/eos.usd.q,4.196,4.196,4.196,4.196,352.0
2019-09-19 05:15:00,okef/eos.usd.q,4.197,4.197,4.196,4.197,353.0
2019-09-19 05:16:00,okef/eos.usd.q,4.197,4.197,4.194,4.196,7006.0
2019-09-19 05:17:00,okef/eos.usd.q,4.197,4.197,4.197,4.197,678.0
2019-09-19 05:18:00,okef/eos.usd.q,4.197,4.197,4.197,4.197,395.0
2019-09-19 05:19:00,okef/eos.usd.q,4.197,4.197,4.196,4.196,509.0
2019-09-19 05:20:00,okef/eos.usd.q,4.197,4.198,4.197,4.198,2044.0
2019-09-19 05:21:00,okef/eos.usd.q,4.198,4.198,4.195,4.198,4543.0
2019-09-19 05:22:00,okef/eos.usd.q,4.198,4.198,4.197,4.197,102.0
2019-09-19 05:23:00,okef/eos.usd.q,4.197,4.197,4.196,4.196,1505.0
2019-09-19 05:24:00,okef/eos.usd.q,4.195,4.197,4.195,4.196,746.0
2019-09-19 05:25:00,okef/eos.usd.q,4.196,4.197,4.196,4.197,545.0
2019-09-19 05:26:00,okef/eos.usd.q,4.197,4.197,4.197,4.197,39.0
2019-09-19 05:27:00,okef/eos.usd.q,4.197,4.197,4.197,4.197,62.0
2019-09-19 05:28:00,okef/eos.usd.q,4.196,4.196,4.193,4.195,4980.0
2019-09-19 05:29:00,okef/eos.usd.q,4.195,4.196,4.193,4.193,2075.0
2019-09-19 05:30:00,okef/eos.usd.q,4.193,4.194,4.193,4.194,1579.0
2019-09-19 05:31:00,okef/eos.usd.q,4.194,4.194,4.191,4.193,2040.0
2019-09-19 05:32:00,okef/eos.usd.q,4.192,4.192,4.191,4.191,1635.0
2019-09-19 05:33:00,okef/eos.usd.q,4.192,4.192,4.19,4.192,1179.0
2019-09-19 05:34:00,okef/eos.usd.q,4.191,4.191,4.189,4.189,3586.0
2019-09-19 05:35:00,okef/eos.usd.q,4.19,4.19,4.189,4.189,573.0
2019-09-19 05:36:00,okef/eos.usd.q,4.189,4.19,4.188,4.188,1365.0
2019-09-19 05:37:00,okef/eos.usd.q,4.188,4.188,4.187,4.187,546.0
2019-09-19 05:38:00,okef/eos.usd.q,4.186,4.186,4.186,4.186,508.0
2019-09-19 05:39:00,okef/eos.usd.q,4.185,4.186,4.182,4.183,2102.0
2019-09-19 05:40:00,okef/eos.usd.q,4.182,4.182,4.181,4.181,91.0
2019-09-19 05:41:00,okef/eos.usd.q,4.182,4.182,4.181,4.182,862.0
2019-09-19 05:42:00,okef/eos.usd.q,4.182,4.182,4.181,4.182,371.0
2019-09-19 05:43:00,okef/eos.usd.q,4.182,4.185,4.182,4.185,3164.0
2019-09-19 05:44:00,okef/eos.usd.q,4.185,4.187,4.185,4.187,3649.0
2019-09-19 05:45:00,okef/eos.usd.q,4.186,4.188,4.186,4.187,2448.0
2019-09-19 05:46:00,okef/eos.usd.q,4.187,4.187,4.187,4.187,300.0
2019-09-19 05:47:00,okef/eos.usd.q,4.187,4.187,4.186,4.186,505.0
2019-09-19 05:48:00,okef/eos.usd.q,4.186,4.187,4.186,4.186,979.0
2019-09-19 05:49:00,okef/eos.usd.q,4.186,4.188,4.184,4.187,12549.0
2019-09-19 05:50:00,okef/eos.usd.q,4.187,4.187,4.186,4.186,43.0
2019-09-19 05:51:00,okef/eos.usd.q,4.186,4.186,4.186,4.186,438.0
2019-09-19 05:52:00,okef/eos.usd.q,4.185,4.185,4.183,4.184,2112.0
2019-09-19 05:53:00,okef/eos.usd.q,4.184,4.185,4.182,4.183,5525.0
2019-09-19 05:54:00,okef/eos.usd.q,4.183,4.184,4.183,4.184,362.0
2019-09-19 05:55:00,okef/eos.usd.q,4.183,4.184,4.182,4.184,4875.0
2019-09-19 05:56:00,okef/eos.usd.q,4.184,4.185,4.184,4.185,579.0
2019-09-19 05:57:00,okef/eos.usd.q,4.186,4.187,4.186,4.187,4219.0
2019-09-19 05:58:00,okef/eos.usd.q,4.187,4.187,4.186,4.186,214.0
2019-09-19 05:59:00,okef/eos.usd.q,4.186,4.187,4.186,4.187,241.0
2019-09-19 06:00:00,okef/eos.usd.q,4.187,4.194,4.187,4.194,12082.0
2019-09-19 06:01:00,okef/eos.usd.q,4.194,4.199,4.19,4.193,10402.0
2019-09-19 06:02:00,okef/eos.usd.q,4.192,4.197,4.191,4.195,4553.0
2019-09-19 06:03:00,okef/eos.usd.q,4.195,4.196,4.193,4.193,2853.0
2019-09-19 06:04:00,okef/eos.usd.q,4.193,4.193,4.192,4.193,245.0
2019-09-19 06:05:00,okef/eos.usd.q,4.194,4.196,4.194,4.196,5144.0
2019-09-19 06:06:00,okef/eos.usd.q,4.196,4.203,4.196,4.201,13425.0
2019-09-19 06:07:00,okef/eos.usd.q,4.201,4.204,4.201,4.204,1200.0
2019-09-19 06:08:00,okef/eos.usd.q,4.204,4.214,4.204,4.208,20089.0
2019-09-19 06:09:00,okef/eos.usd.q,4.209,4.21,4.203,4.204,5404.0
2019-09-19 06:10:00,okef/eos.usd.q,4.205,4.209,4.197,4.201,14540.0
2019-09-19 06:11:00,okef/eos.usd.q,4.201,4.201,4.194,4.198,7734.0
2019-09-19 06:12:00,okef/eos.usd.q,4.198,4.198,4.194,4.194,9203.0
2019-09-19 06:13:00,okef/eos.usd.q,4.195,4.196,4.191,4.195,6994.0
2019-09-19 06:14:00,okef/eos.usd.q,4.196,4.196,4.193,4.193,1370.0
2019-09-19 06:15:00,okef/eos.usd.q,4.193,4.193,4.193,4.193,112.0
2019-09-19 06:16:00,okef/eos.usd.q,4.194,4.194,4.194,4.194,670.0
2019-09-19 06:17:00,okef/eos.usd.q,4.194,4.196,4.194,4.194,2839.0
2019-09-19 06:18:00,okef/eos.usd.q,4.195,4.195,4.192,4.195,2951.0
2019-09-19 06:19:00,okef/eos.usd.q,4.195,4.199,4.194,4.195,4165.0
2019-09-19 06:20:00,okef/eos.usd.q,4.196,4.197,4.194,4.194,2156.0
2019-09-19 06:21:00,okef/eos.usd.q,4.194,4.195,4.192,4.195,1020.0
2019-09-19 06:22:00,okef/eos.usd.q,4.196,4.205,4.196,4.201,21641.0
2019-09-19 06:23:00,okef/eos.usd.q,4.201,4.206,4.201,4.206,2728.0
2019-09-19 06:24:00,okef/eos.usd.q,4.206,4.207,4.205,4.207,1541.0
2019-09-19 06:25:00,okef/eos.usd.q,4.207,4.211,4.206,4.206,10556.0
2019-09-19 06:26:00,okef/eos.usd.q,4.207,4.216,4.207,4.211,23271.0
2019-09-19 06:27:00,okef/eos.usd.q,4.211,4.211,4.209,4.209,868.0
2019-09-19 06:28:00,okef/eos.usd.q,4.209,4.212,4.208,4.211,5208.0
2019-09-19 06:29:00,okef/eos.usd.q,4.21,4.21,4.208,4.209,1274.0
2019-09-19 06:30:00,okef/eos.usd.q,4.208,4.213,4.208,4.212,10385.0
2019-09-19 06:31:00,okef/eos.usd.q,4.212,4.213,4.21,4.211,5737.0
2019-09-19 06:32:00,okef/eos.usd.q,4.21,4.21,4.208,4.21,3241.0
2019-09-19 06:33:00,okef/eos.usd.q,4.21,4.211,4.21,4.21,2719.0
2019-09-19 06:34:00,okef/eos.usd.q,4.209,4.209,4.202,4.203,17829.0
2019-09-19 06:35:00,okef/eos.usd.q,4.202,4.21,4.202,4.206,16095.0
2019-09-19 06:36:00,okef/eos.usd.q,4.206,4.21,4.206,4.206,8392.0
2019-09-19 06:37:00,okef/eos.usd.q,4.206,4.206,4.205,4.205,406.0
2019-09-19 06:38:00,okef/eos.usd.q,4.205,4.205,4.201,4.201,2171.0
2019-09-19 06:39:00,okef/eos.usd.q,4.202,4.207,4.202,4.202,8521.0
2019-09-19 06:40:00,okef/eos.usd.q,4.202,4.205,4.202,4.205,4089.0
2019-09-19 06:41:00,okef/eos.usd.q,4.205,4.205,4.202,4.202,1476.0
2019-09-19 06:42:00,okef/eos.usd.q,4.201,4.201,4.199,4.199,2852.0
2019-09-19 06:43:00,okef/eos.usd.q,4.199,4.201,4.195,4.198,4175.0
2019-09-19 06:44:00,okef/eos.usd.q,4.198,4.198,4.196,4.196,1206.0
2019-09-19 06:45:00,okef/eos.usd.q,4.196,4.204,4.194,4.204,12867.0
2019-09-19 06:46:00,okef/eos.usd.q,4.203,4.203,4.196,4.197,3679.0
2019-09-19 06:47:00,okef/eos.usd.q,4.198,4.202,4.198,4.2,1747.0
2019-09-19 06:48:00,okef/eos.usd.q,4.2,4.201,4.199,4.201,1540.0
2019-09-19 06:49:00,okef/eos.usd.q,4.201,4.201,4.201,4.201,9.0
2019-09-19 06:50:00,okef/eos.usd.q,4.201,4.201,4.197,4.197,2111.0
2019-09-19 06:51:00,okef/eos.usd.q,4.198,4.201,4.198,4.2,3076.0
2019-09-19 06:52:00,okef/eos.usd.q,4.2,4.2,4.198,4.198,2090.0
2019-09-19 06:53:00,okef/eos.usd.q,4.198,4.2,4.197,4.199,5549.0
2019-09-19 06:54:00,okef/eos.usd.q,4.198,4.199,4.198,4.198,1299.0
2019-09-19 06:55:00,okef/eos.usd.q,4.198,4.198,4.197,4.197,702.0
2019-09-19 06:56:00,okef/eos.usd.q,4.197,4.201,4.197,4.199,2638.0
2019-09-19 06:57:00,okef/eos.usd.q,4.198,4.199,4.197,4.198,1757.0
2019-09-19 06:58:00,okef/eos.usd.q,4.198,4.198,4.194,4.196,22711.0
2019-09-19 06:59:00,okef/eos.usd.q,4.197,4.197,4.195,4.196,807.0
2019-09-19 07:00:00,okef/eos.usd.q,4.196,4.196,4.193,4.193,439.0
2019-09-19 07:01:00,okef/eos.usd.q,4.193,4.194,4.193,4.194,2018.0
2019-09-19 07:02:00,okef/eos.usd.q,4.194,4.194,4.184,4.184,7934.0
2019-09-19 07:03:00,okef/eos.usd.q,4.184,4.185,4.178,4.179,17441.0
2019-09-19 07:04:00,okef/eos.usd.q,4.179,4.186,4.179,4.181,11957.0
2019-09-19 07:05:00,okef/eos.usd.q,4.181,4.181,4.177,4.177,8005.0
2019-09-19 07:06:00,okef/eos.usd.q,4.177,4.182,4.174,4.181,21223.0
2019-09-19 07:07:00,okef/eos.usd.q,4.181,4.187,4.18,4.187,8324.0
2019-09-19 07:08:00,okef/eos.usd.q,4.187,4.188,4.184,4.185,9327.0
2019-09-19 07:09:00,okef/eos.usd.q,4.185,4.186,4.181,4.183,4127.0
2019-09-19 07:10:00,okef/eos.usd.q,4.183,4.183,4.181,4.181,5780.0
2019-09-19 07:11:00,okef/eos.usd.q,4.181,4.181,4.177,4.18,3156.0
2019-09-19 07:12:00,okef/eos.usd.q,4.18,4.18,4.176,4.18,5859.0
2019-09-19 07:13:00,okef/eos.usd.q,4.18,4.18,4.177,4.179,4004.0
2019-09-19 07:14:00,okef/eos.usd.q,4.18,4.182,4.176,4.177,13254.0
2019-09-19 07:15:00,okef/eos.usd.q,4.177,4.18,4.177,4.179,3321.0
2019-09-19 07:16:00,okef/eos.usd.q,4.179,4.179,4.179,4.179,46.0
2019-09-19 07:17:00,okef/eos.usd.q,4.179,4.18,4.179,4.179,383.0
2019-09-19 07:18:00,okef/eos.usd.q,4.179,4.18,4.178,4.179,2980.0
2019-09-19 07:19:00,okef/eos.usd.q,4.178,4.18,4.178,4.18,1710.0
2019-09-19 07:20:00,okef/eos.usd.q,4.18,4.182,4.179,4.179,8783.0
2019-09-19 07:21:00,okef/eos.usd.q,4.179,4.182,4.179,4.182,1679.0
2019-09-19 07:22:00,okef/eos.usd.q,4.182,4.184,4.181,4.182,8376.0
2019-09-19 07:23:00,okef/eos.usd.q,4.182,4.183,4.182,4.183,2778.0
2019-09-19 07:24:00,okef/eos.usd.q,4.182,4.188,4.18,4.188,19425.0
2019-09-19 07:25:00,okef/eos.usd.q,4.188,4.188,4.183,4.184,14405.0
2019-09-19 07:26:00,okef/eos.usd.q,4.184,4.185,4.182,4.184,4877.0
2019-09-19 07:27:00,okef/eos.usd.q,4.184,4.184,4.184,4.184,56.0
2019-09-19 07:28:00,okef/eos.usd.q,4.184,4.185,4.184,4.184,987.0
2019-09-19 07:29:00,okef/eos.usd.q,4.183,4.184,4.183,4.183,3536.0
2019-09-19 07:30:00,okef/eos.usd.q,4.183,4.184,4.181,4.181,2212.0
2019-09-19 07:31:00,okef/eos.usd.q,4.181,4.181,4.18,4.18,2657.0
2019-09-19 07:32:00,okef/eos.usd.q,4.181,4.181,4.18,4.18,2690.0
2019-09-19 07:33:00,okef/eos.usd.q,4.18,4.18,4.176,4.176,6612.0
2019-09-19 07:34:00,okef/eos.usd.q,4.175,4.179,4.174,4.179,7772.0
2019-09-19 07:35:00,okef/eos.usd.q,4.179,4.179,4.176,4.177,10837.0
2019-09-19 07:36:00,okef/eos.usd.q,4.178,4.178,4.17,4.175,16571.0
2019-09-19 07:37:00,okef/eos.usd.q,4.174,4.174,4.166,4.168,25581.0
2019-09-19 07:38:00,okef/eos.usd.q,4.167,4.177,4.167,4.174,11755.0
2019-09-19 07:39:00,okef/eos.usd.q,4.173,4.173,4.171,4.171,4559.0
2019-09-19 07:40:00,okef/eos.usd.q,4.171,4.171,4.168,4.169,4198.0
2019-09-19 07:41:00,okef/eos.usd.q,4.169,4.173,4.168,4.173,4227.0
2019-09-19 07:42:00,okef/eos.usd.q,4.173,4.176,4.173,4.176,1247.0
2019-09-19 07:43:00,okef/eos.usd.q,4.176,4.177,4.173,4.174,9783.0
2019-09-19 07:44:00,okef/eos.usd.q,4.173,4.173,4.17,4.17,6752.0
2019-09-19 07:45:00,okef/eos.usd.q,4.169,4.172,4.168,4.172,2237.0
2019-09-19 07:46:00,okef/eos.usd.q,4.172,4.173,4.17,4.173,4877.0
2019-09-19 07:47:00,okef/eos.usd.q,4.173,4.173,4.169,4.17,5900.0
2019-09-19 07:48:00,okef/eos.usd.q,4.168,4.168,4.155,4.155,57670.0
