datetime,symbol,direction,offset,volume,price
2022-12-21 00:50:00,NEARUSDT.BYBIT,多,开,310.5,1.327
2022-12-21 00:50:00,NEARUSDT.BYBIT,空,开,310.5,1.327
2022-12-21 04:00:00,NEARUSDT.BYBIT,空,平,3.3,1.341
2022-12-21 13:10:00,NEARUSDT.BYBIT,多,开,632.9,1.302
2022-12-21 13:10:00,NEARUSDT.BYBIT,空,开,5.9,1.302
2022-12-22 02:50:00,NEARUSDT.BYBIT,空,开,3.5,1.288
2022-12-22 09:20:00,NEARUSDT.BYBIT,空,开,626.6,1.315
2022-12-22 23:15:00,NEARUSDT.BYBIT,多,平,626.9,1.289
2022-12-23 02:40:00,NEARUSDT.BYBIT,空,开,3.3,1.276
2022-12-23 05:05:00,NEARUSDT.BYBIT,空,开,631.9,1.304
2022-12-23 10:40:00,NEARUSDT.BYBIT,空,平,631.9,1.337
2022-12-23 11:50:00,NEARUSDT.BYBIT,空,开,1220.7,1.35
2022-12-23 19:15:00,NEARUSDT.BYBIT,空,平,3.7,1.353
2022-12-25 14:05:00,NEARUSDT.BYBIT,多,开,622.4,1.324
2022-12-25 22:50:00,NEARUSDT.BYBIT,多,平,1861.0,1.31
2022-12-26 10:35:00,NEARUSDT.BYBIT,空,平,621.9,1.351
2022-12-26 10:35:00,NEARUSDT.BYBIT,空,开,609.9,1.351
2022-12-27 08:20:00,NEARUSDT.BYBIT,空,平,3.4,1.366
2022-12-28 03:30:00,NEARUSDT.BYBIT,多,开,617.7,1.334
2022-12-28 07:40:00,NEARUSDT.BYBIT,空,平,615.9,1.358
2022-12-28 14:10:00,NEARUSDT.BYBIT,多,开,627.1,1.314
2022-12-28 14:10:00,NEARUSDT.BYBIT,多,平,610.9,1.314
2022-12-30 05:10:00,NEARUSDT.BYBIT,空,开,9.4,1.276
2022-12-30 05:50:00,NEARUSDT.BYBIT,多,开,1296.6,1.271
2022-12-30 16:50:00,NEARUSDT.BYBIT,空,开,3.8,1.261
2023-01-01 09:40:00,NEARUSDT.BYBIT,空,开,4.5,1.244
2023-01-02 02:45:00,NEARUSDT.BYBIT,空,开,646.3,1.275
2023-01-02 16:45:00,NEARUSDT.BYBIT,空,平,1912.6,1.31
2023-01-02 21:35:00,NEARUSDT.BYBIT,空,开,1252.2,1.316
2023-01-03 15:25:00,NEARUSDT.BYBIT,空,平,3.6,1.325
2023-01-03 18:05:00,NEARUSDT.BYBIT,空,平,4.8,1.346
2023-01-04 02:40:00,NEARUSDT.BYBIT,多,开,630.0,1.308
2023-01-04 09:50:00,NEARUSDT.BYBIT,空,平,632.5,1.357
2023-01-04 11:25:00,NEARUSDT.BYBIT,空,平,12.6,1.416
2023-01-04 11:25:00,NEARUSDT.BYBIT,空,开,2327.7,1.416
2023-01-04 15:00:00,NEARUSDT.BYBIT,空,平,9.4,1.463
2023-01-04 15:05:00,NEARUSDT.BYBIT,空,开,4499.7,1.465
2023-01-04 18:30:00,NEARUSDT.BYBIT,空,平,8.9,1.511
2023-01-04 21:35:00,NEARUSDT.BYBIT,空,平,3.6,1.531
2023-01-04 21:35:00,NEARUSDT.BYBIT,空,开,8611.3,1.531
2023-01-05 00:20:00,NEARUSDT.BYBIT,空,平,8.2,1.579
2023-01-05 01:20:00,NEARUSDT.BYBIT,空,开,16604.6,1.588
2023-01-05 02:15:00,NEARUSDT.BYBIT,空,平,2.6,1.595
2023-01-05 03:40:00,NEARUSDT.BYBIT,多,开,527.2,1.563
2023-01-05 12:40:00,NEARUSDT.BYBIT,空,平,528.5,1.603
2023-01-05 16:05:00,NEARUSDT.BYBIT,多,开,524.9,1.57
2023-01-06 12:50:00,NEARUSDT.BYBIT,多,开,1086.3,1.517
2023-01-06 14:05:00,NEARUSDT.BYBIT,多,平,23991.1,1.51
2023-01-07 07:30:00,NEARUSDT.BYBIT,空,平,1608.9,1.589
2023-01-07 17:20:00,NEARUSDT.BYBIT,多,开,530.9,1.552
2023-01-08 23:15:00,NEARUSDT.BYBIT,空,平,530.4,1.586
2023-01-09 02:40:00,NEARUSDT.BYBIT,空,平,3.7,1.609
2023-01-09 04:50:00,NEARUSDT.BYBIT,空,平,3.3,1.63
2023-01-09 08:50:00,NEARUSDT.BYBIT,空,平,7.6,1.68
2023-01-09 08:50:00,NEARUSDT.BYBIT,空,开,53192.1,1.68
2023-01-09 09:55:00,NEARUSDT.BYBIT,空,平,3.0,1.701
2023-01-09 16:45:00,NEARUSDT.BYBIT,多,开,494.9,1.665
2023-01-10 01:10:00,NEARUSDT.BYBIT,空,平,494.0,1.695
2023-01-10 04:20:00,NEARUSDT.BYBIT,多,开,496.4,1.66
2023-01-10 07:30:00,NEARUSDT.BYBIT,多,平,31737.0,1.637
2023-01-10 11:15:00,NEARUSDT.BYBIT,多,平,22215.9,1.61
2023-01-11 13:10:00,NEARUSDT.BYBIT,多,开,1031.9,1.597
2023-01-11 13:10:00,NEARUSDT.BYBIT,多,平,9263.1,1.597
2023-01-11 22:25:00,NEARUSDT.BYBIT,空,开,3.8,1.574
2023-01-12 03:55:00,NEARUSDT.BYBIT,空,平,1524.7,1.67
2023-01-12 03:55:00,NEARUSDT.BYBIT,空,开,493.4,1.67
2023-01-12 04:15:00,NEARUSDT.BYBIT,空,平,2.5,1.687
2023-01-12 05:20:00,NEARUSDT.BYBIT,空,平,7.1,1.738
2023-01-12 05:20:00,NEARUSDT.BYBIT,空,开,948.2,1.738
2023-01-12 07:15:00,NEARUSDT.BYBIT,空,平,7.7,1.796
2023-01-12 07:35:00,NEARUSDT.BYBIT,空,平,2.3,1.814
2023-01-12 10:50:00,NEARUSDT.BYBIT,空,平,2.5,1.834
2023-01-12 10:50:00,NEARUSDT.BYBIT,空,开,1797.2,1.834
2023-01-12 14:05:00,NEARUSDT.BYBIT,多,开,462.4,1.782
2023-01-13 02:35:00,NEARUSDT.BYBIT,空,平,460.4,1.818
2023-01-13 03:50:00,NEARUSDT.BYBIT,空,平,3.2,1.844
2023-01-13 10:10:00,NEARUSDT.BYBIT,多,开,456.0,1.807
2023-01-13 17:25:00,NEARUSDT.BYBIT,空,平,455.4,1.839
2023-01-13 21:25:00,NEARUSDT.BYBIT,多,开,458.1,1.799
2023-01-14 01:25:00,NEARUSDT.BYBIT,空,平,457.8,1.837
2023-01-14 05:25:00,NEARUSDT.BYBIT,空,平,11.3,1.934
2023-01-14 05:25:00,NEARUSDT.BYBIT,空,开,3408.4,1.934
2023-01-14 06:10:00,NEARUSDT.BYBIT,空,平,3.1,1.963
2023-01-14 09:25:00,NEARUSDT.BYBIT,空,平,7.9,2.04
2023-01-14 09:25:00,NEARUSDT.BYBIT,空,开,6462.8,2.04
2023-01-14 09:50:00,NEARUSDT.BYBIT,空,平,2.4,2.064
2023-01-14 12:10:00,NEARUSDT.BYBIT,空,平,2.0,2.085
2023-01-14 12:40:00,NEARUSDT.BYBIT,空,开,12526.3,2.105
2023-01-14 13:05:00,NEARUSDT.BYBIT,空,平,2.9,2.116
2023-01-14 14:40:00,NEARUSDT.BYBIT,空,平,8.3,2.21
2023-01-14 14:40:00,NEARUSDT.BYBIT,空,开,23862.5,2.21
2023-01-14 16:00:00,NEARUSDT.BYBIT,空,平,1.9,2.233
2023-01-14 17:00:00,NEARUSDT.BYBIT,空,平,3.8,2.28
2023-01-14 17:55:00,NEARUSDT.BYBIT,多,开,393.9,2.092
2023-01-14 18:00:00,NEARUSDT.BYBIT,多,平,24880.3,2.086
2023-01-14 20:50:00,NEARUSDT.BYBIT,空,平,385.8,2.182
2023-01-14 22:35:00,NEARUSDT.BYBIT,空,平,7.1,2.267
2023-01-15 02:30:00,NEARUSDT.BYBIT,多,开,371.4,2.219
2023-01-15 11:15:00,NEARUSDT.BYBIT,多,开,771.2,2.137
2023-01-15 22:55:00,NEARUSDT.BYBIT,空,平,1137.1,2.201
2023-01-16 07:30:00,NEARUSDT.BYBIT,空,平,3.8,2.247
2023-01-16 10:50:00,NEARUSDT.BYBIT,空,平,10.6,2.384
2023-01-16 10:50:00,NEARUSDT.BYBIT,空,开,66276.0,2.384
2023-01-16 16:00:00,NEARUSDT.BYBIT,多,开,361.1,2.282
2023-01-16 16:00:00,NEARUSDT.BYBIT,多,平,45578.1,2.282
2023-01-16 17:10:00,NEARUSDT.BYBIT,多,开,756.0,2.18
2023-01-16 17:10:00,NEARUSDT.BYBIT,多,平,31904.8,2.18
2023-01-16 17:20:00,NEARUSDT.BYBIT,多,平,13484.2,2.178
2023-01-16 22:20:00,NEARUSDT.BYBIT,空,开,2.4,2.15
2023-01-17 06:50:00,NEARUSDT.BYBIT,空,开,375.1,2.197
2023-01-18 08:15:00,NEARUSDT.BYBIT,多,平,375.9,2.159
2023-01-18 17:20:00,NEARUSDT.BYBIT,空,开,2.5,2.131
2023-01-18 22:25:00,NEARUSDT.BYBIT,空,开,375.4,2.195
2023-01-19 00:55:00,NEARUSDT.BYBIT,多,开,1645.5,2.003
2023-01-19 00:55:00,NEARUSDT.BYBIT,多,平,363.0,2.003
2023-01-19 01:35:00,NEARUSDT.BYBIT,空,开,402.5,2.047
2023-01-19 05:00:00,NEARUSDT.BYBIT,多,平,403.2,2.01
2023-01-19 08:00:00,NEARUSDT.BYBIT,空,开,2.2,1.988
2023-01-19 09:45:00,NEARUSDT.BYBIT,空,开,405.4,2.033
2023-01-20 04:35:00,NEARUSDT.BYBIT,空,开,777.3,2.12
2023-01-20 04:50:00,NEARUSDT.BYBIT,空,平,2741.8,2.128
2023-01-20 13:20:00,NEARUSDT.BYBIT,多,开,395.4,2.084
2023-01-21 02:10:00,NEARUSDT.BYBIT,空,平,402.2,2.206
2023-01-21 05:00:00,NEARUSDT.BYBIT,空,平,5.1,2.268
2023-01-21 05:00:00,NEARUSDT.BYBIT,空,开,1453.3,2.268
2023-01-21 06:50:00,NEARUSDT.BYBIT,空,平,4.3,2.323
2023-01-21 08:00:00,NEARUSDT.BYBIT,空,平,4.2,2.379
2023-01-21 08:00:00,NEARUSDT.BYBIT,空,开,2770.9,2.379
2023-01-21 15:50:00,NEARUSDT.BYBIT,空,平,2.9,2.419
2023-01-21 19:25:00,NEARUSDT.BYBIT,多,开,350.5,2.351
2023-01-22 03:05:00,NEARUSDT.BYBIT,空,平,349.0,2.398
2023-01-22 08:00:00,NEARUSDT.BYBIT,多,开,352.6,2.337
2023-01-22 13:15:00,NEARUSDT.BYBIT,空,平,352.2,2.392
2023-01-22 15:00:00,NEARUSDT.BYBIT,空,平,1.8,2.418
2023-01-22 19:50:00,NEARUSDT.BYBIT,空,平,8.3,2.542
2023-01-22 19:50:00,NEARUSDT.BYBIT,空,开,5186.5,2.542
2023-01-23 00:45:00,NEARUSDT.BYBIT,多,开,331.4,2.486
2023-01-23 04:45:00,NEARUSDT.BYBIT,多,开,688.7,2.393
2023-01-23 05:20:00,NEARUSDT.BYBIT,多,平,10626.5,2.367
2023-01-23 09:00:00,NEARUSDT.BYBIT,空,开,337.4,2.442
2023-01-23 09:50:00,NEARUSDT.BYBIT,空,平,1018.5,2.517
2023-01-23 09:50:00,NEARUSDT.BYBIT,空,开,654.7,2.517
2023-01-23 11:15:00,NEARUSDT.BYBIT,空,平,2.7,2.559
2023-01-23 12:05:00,NEARUSDT.BYBIT,空,平,4.9,2.639
2023-01-23 16:40:00,NEARUSDT.BYBIT,多,开,321.0,2.567
2023-01-23 19:50:00,NEARUSDT.BYBIT,空,平,319.8,2.619
2023-01-24 01:20:00,NEARUSDT.BYBIT,多,开,321.1,2.566
2023-01-25 04:50:00,NEARUSDT.BYBIT,多,开,664.8,2.479
2023-01-25 07:25:00,NEARUSDT.BYBIT,多,平,991.3,2.356
2023-01-25 09:35:00,NEARUSDT.BYBIT,多,开,1423.8,2.315
2023-01-25 09:35:00,NEARUSDT.BYBIT,空,开,3.1,2.315
2023-01-25 15:10:00,NEARUSDT.BYBIT,空,开,346.9,2.375
2023-01-25 21:35:00,NEARUSDT.BYBIT,空,平,2398.1,2.439
2023-01-25 23:05:00,NEARUSDT.BYBIT,多,开,345.4,2.386
2023-01-26 04:35:00,NEARUSDT.BYBIT,空,平,346.9,2.461
2023-01-26 04:35:00,NEARUSDT.BYBIT,空,开,669.7,2.461
2023-01-26 06:30:00,NEARUSDT.BYBIT,空,平,7.2,2.572
2023-01-26 09:50:00,NEARUSDT.BYBIT,空,平,1.7,2.599
2023-01-26 18:20:00,NEARUSDT.BYBIT,多,开,323.5,2.547
2023-01-26 22:40:00,NEARUSDT.BYBIT,空,平,325.0,2.624
2023-01-26 22:40:00,NEARUSDT.BYBIT,空,开,1256.1,2.624
2023-01-26 23:35:00,NEARUSDT.BYBIT,空,平,2.2,2.661
2023-01-27 00:25:00,NEARUSDT.BYBIT,多,开,316.5,2.604
2023-01-27 07:00:00,NEARUSDT.BYBIT,多,开,654.5,2.518
2023-01-27 09:25:00,NEARUSDT.BYBIT,多,平,2282.9,2.455
2023-01-27 19:40:00,NEARUSDT.BYBIT,空,开,2.8,2.415
2023-01-27 23:45:00,NEARUSDT.BYBIT,空,开,332.1,2.481
2023-01-28 04:40:00,NEARUSDT.BYBIT,空,开,643.8,2.56
2023-01-28 12:15:00,NEARUSDT.BYBIT,空,平,969.2,2.631
2023-01-28 14:50:00,NEARUSDT.BYBIT,多,开,319.9,2.576
2023-01-28 21:30:00,NEARUSDT.BYBIT,多,开,664.5,2.48
2023-01-28 21:30:00,NEARUSDT.BYBIT,多,平,980.4,2.48
2023-01-29 05:10:00,NEARUSDT.BYBIT,空,开,1.9,2.453
2023-01-29 09:50:00,NEARUSDT.BYBIT,空,开,328.4,2.509
2023-01-29 19:00:00,NEARUSDT.BYBIT,空,平,979.6,2.553
2023-01-30 01:55:00,NEARUSDT.BYBIT,空,平,1.7,2.58
2023-01-30 02:50:00,NEARUSDT.BYBIT,空,开,636.0,2.591
2023-01-30 10:40:00,NEARUSDT.BYBIT,多,开,329.5,2.501
2023-01-30 10:40:00,NEARUSDT.BYBIT,多,平,967.7,2.501
2023-01-30 18:10:00,NEARUSDT.BYBIT,多,开,683.8,2.41
2023-01-30 18:10:00,NEARUSDT.BYBIT,空,开,6.3,2.41
2023-01-30 21:00:00,NEARUSDT.BYBIT,空,开,2.0,2.382
2023-01-31 03:50:00,NEARUSDT.BYBIT,空,开,6.2,2.299
2023-01-31 06:55:00,NEARUSDT.BYBIT,空,开,1.8,2.276
2023-01-31 16:25:00,NEARUSDT.BYBIT,空,开,354.7,2.323
2023-02-01 15:15:00,NEARUSDT.BYBIT,多,开,1467.5,2.246
2023-02-01 15:15:00,NEARUSDT.BYBIT,多,平,352.3,2.246
2023-02-02 00:20:00,NEARUSDT.BYBIT,空,开,2.9,2.212
2023-02-02 02:20:00,NEARUSDT.BYBIT,空,开,2.4,2.183
2023-02-02 05:35:00,NEARUSDT.BYBIT,空,平,2468.5,2.396
2023-02-02 05:35:00,NEARUSDT.BYBIT,空,开,343.9,2.396
2023-02-02 07:35:00,NEARUSDT.BYBIT,空,开,682.7,2.414
2023-02-02 09:05:00,NEARUSDT.BYBIT,空,平,4.9,2.466
2023-02-02 22:35:00,NEARUSDT.BYBIT,空,平,3.5,2.518
2023-02-03 02:25:00,NEARUSDT.BYBIT,空,平,1.9,2.548
2023-02-03 06:25:00,NEARUSDT.BYBIT,多,开,336.9,2.446
2023-02-04 07:40:00,NEARUSDT.BYBIT,空,平,334.4,2.509
2023-02-04 13:55:00,NEARUSDT.BYBIT,多,开,336.7,2.447
2023-02-04 21:45:00,NEARUSDT.BYBIT,空,平,336.4,2.505
2023-02-05 01:45:00,NEARUSDT.BYBIT,空,平,2.3,2.54
2023-02-05 21:35:00,NEARUSDT.BYBIT,多,开,341.9,2.41
2023-02-06 05:20:00,NEARUSDT.BYBIT,多,开,701.0,2.351
2023-02-06 09:25:00,NEARUSDT.BYBIT,空,平,1034.6,2.417
2023-02-06 14:05:00,NEARUSDT.BYBIT,多,开,348.2,2.366
2023-02-06 23:45:00,NEARUSDT.BYBIT,多,平,1039.8,2.348
2023-02-07 07:40:00,NEARUSDT.BYBIT,空,开,3.0,2.308
2023-02-07 18:05:00,NEARUSDT.BYBIT,空,开,349.8,2.356
2023-02-08 06:20:00,NEARUSDT.BYBIT,空,平,352.8,2.483
2023-02-08 06:20:00,NEARUSDT.BYBIT,空,开,663.7,2.483
2023-02-08 13:05:00,NEARUSDT.BYBIT,空,平,3.8,2.542
2023-02-08 15:20:00,NEARUSDT.BYBIT,空,平,2.0,2.573
2023-02-08 20:20:00,NEARUSDT.BYBIT,空,平,5.9,2.672
2023-02-08 20:20:00,NEARUSDT.BYBIT,空,开,1233.5,2.672
2023-02-08 20:50:00,NEARUSDT.BYBIT,空,平,4.2,2.747
2023-02-09 00:35:00,NEARUSDT.BYBIT,多,开,312.8,2.634
2023-02-09 01:35:00,NEARUSDT.BYBIT,空,平,311.5,2.723
2023-02-09 04:40:00,NEARUSDT.BYBIT,多,开,310.1,2.657
2023-02-09 11:45:00,NEARUSDT.BYBIT,多,开,663.5,2.484
2023-02-09 11:45:00,NEARUSDT.BYBIT,多,平,2259.6,2.484
2023-02-09 16:35:00,NEARUSDT.BYBIT,空,开,324.4,2.54
2023-02-10 00:45:00,NEARUSDT.BYBIT,多,平,325.1,2.494
2023-02-10 04:00:00,NEARUSDT.BYBIT,空,开,9.0,2.365
2023-02-10 04:35:00,NEARUSDT.BYBIT,多,开,1406.7,2.343
2023-02-10 05:40:00,NEARUSDT.BYBIT,空,开,3.1,2.324
2023-02-10 07:10:00,NEARUSDT.BYBIT,空,开,4.4,2.268
2023-02-10 09:05:00,NEARUSDT.BYBIT,多,开,2945.5,2.238
2023-02-10 09:05:00,NEARUSDT.BYBIT,空,开,2.4,2.238
2023-02-10 16:25:00,NEARUSDT.BYBIT,空,开,359.8,2.29
2023-02-10 20:05:00,NEARUSDT.BYBIT,多,平,360.6,2.248
2023-02-11 01:05:00,NEARUSDT.BYBIT,空,开,2.0,2.223
2023-02-11 04:00:00,NEARUSDT.BYBIT,空,开,363.2,2.269
2023-02-11 06:05:00,NEARUSDT.BYBIT,多,平,363.7,2.23
2023-02-12 06:50:00,NEARUSDT.BYBIT,空,开,360.7,2.284
2023-02-13 06:25:00,NEARUSDT.BYBIT,多,平,360.9,2.232
2023-02-13 10:35:00,NEARUSDT.BYBIT,空,开,3.5,2.19
2023-02-13 17:45:00,NEARUSDT.BYBIT,多,开,6198.4,2.127
2023-02-13 17:45:00,NEARUSDT.BYBIT,空,开,5.6,2.127
2023-02-14 05:15:00,NEARUSDT.BYBIT,空,开,379.7,2.17
2023-02-15 03:50:00,NEARUSDT.BYBIT,空,平,11492.2,2.248
2023-02-15 03:50:00,NEARUSDT.BYBIT,空,开,733.1,2.248
2023-02-15 19:05:00,NEARUSDT.BYBIT,空,平,2.5,2.279
2023-02-15 20:35:00,NEARUSDT.BYBIT,空,平,3.1,2.319
2023-02-16 05:15:00,NEARUSDT.BYBIT,空,平,9.2,2.445
2023-02-16 05:15:00,NEARUSDT.BYBIT,空,开,1348.1,2.445
2023-02-16 06:55:00,NEARUSDT.BYBIT,空,平,1.7,2.47
2023-02-16 08:30:00,NEARUSDT.BYBIT,空,平,4.0,2.531
2023-02-16 08:30:00,NEARUSDT.BYBIT,空,开,2604.5,2.531
2023-02-16 22:30:00,NEARUSDT.BYBIT,多,开,333.6,2.47
2023-02-17 00:05:00,NEARUSDT.BYBIT,空,平,332.9,2.52
2023-02-17 06:00:00,NEARUSDT.BYBIT,多,开,340.3,2.421
2023-02-17 07:15:00,NEARUSDT.BYBIT,多,开,703.1,2.344
2023-02-17 07:15:00,NEARUSDT.BYBIT,多,平,5083.3,2.344
2023-02-17 08:00:00,NEARUSDT.BYBIT,空,开,1.9,2.319
2023-02-17 11:35:00,NEARUSDT.BYBIT,空,开,347.3,2.372
2023-02-17 20:00:00,NEARUSDT.BYBIT,空,平,1037.4,2.431
2023-02-18 01:50:00,NEARUSDT.BYBIT,空,开,672.7,2.45
2023-02-18 04:45:00,NEARUSDT.BYBIT,空,平,3.0,2.475
2023-02-18 08:45:00,NEARUSDT.BYBIT,空,平,1.7,2.5
2023-02-18 12:20:00,NEARUSDT.BYBIT,空,平,1.6,2.525
2023-02-18 21:50:00,NEARUSDT.BYBIT,空,平,1.7,2.551
2023-02-18 23:20:00,NEARUSDT.BYBIT,空,平,4.5,2.625
2023-02-18 23:20:00,NEARUSDT.BYBIT,空,开,1255.6,2.625
2023-02-19 00:05:00,NEARUSDT.BYBIT,空,平,1.6,2.652
2023-02-19 02:10:00,NEARUSDT.BYBIT,多,开,317.1,2.598
2023-02-19 20:40:00,NEARUSDT.BYBIT,空,平,316.7,2.644
2023-02-20 02:35:00,NEARUSDT.BYBIT,多,开,321.6,2.562
2023-02-20 12:30:00,NEARUSDT.BYBIT,空,平,320.4,2.624
2023-02-20 13:30:00,NEARUSDT.BYBIT,空,平,1.8,2.655
2023-02-20 16:15:00,NEARUSDT.BYBIT,空,平,1.9,2.688
2023-02-20 18:40:00,NEARUSDT.BYBIT,空,平,2.1,2.724
2023-02-20 18:40:00,NEARUSDT.BYBIT,空,开,2420.0,2.724
2023-02-21 17:15:00,NEARUSDT.BYBIT,多,开,314.9,2.617
2023-02-21 19:15:00,NEARUSDT.BYBIT,多,平,4713.9,2.584
2023-02-21 22:15:00,NEARUSDT.BYBIT,空,开,1.8,2.556
2023-02-22 00:45:00,NEARUSDT.BYBIT,多,开,650.4,2.534
2023-02-22 10:40:00,NEARUSDT.BYBIT,空,开,4.7,2.483
2023-02-22 17:05:00,NEARUSDT.BYBIT,空,开,3.3,2.435
2023-02-23 07:35:00,NEARUSDT.BYBIT,空,开,329.3,2.502
2023-02-24 02:40:00,NEARUSDT.BYBIT,多,平,329.1,2.432
2023-02-24 22:30:00,NEARUSDT.BYBIT,空,开,2.8,2.393
2023-02-25 00:35:00,NEARUSDT.BYBIT,多,开,1426.8,2.31
2023-02-25 00:35:00,NEARUSDT.BYBIT,空,开,6.2,2.31
2023-02-25 06:35:00,NEARUSDT.BYBIT,空,开,2.1,2.282
2023-02-25 18:15:00,NEARUSDT.BYBIT,空,开,353.8,2.329
2023-02-25 23:25:00,NEARUSDT.BYBIT,多,平,354.2,2.288
2023-02-26 03:05:00,NEARUSDT.BYBIT,空,开,2.6,2.255
2023-02-26 04:45:00,NEARUSDT.BYBIT,多,开,2960.0,2.227
2023-02-26 04:45:00,NEARUSDT.BYBIT,空,开,2.3,2.227
2023-02-26 08:00:00,NEARUSDT.BYBIT,空,开,360.6,2.285
2023-02-27 04:10:00,NEARUSDT.BYBIT,空,平,5329.6,2.372
2023-02-27 04:10:00,NEARUSDT.BYBIT,空,开,694.8,2.372
2023-02-27 16:40:00,NEARUSDT.BYBIT,多,开,355.0,2.321
2023-02-27 22:40:00,NEARUSDT.BYBIT,空,平,355.6,2.38
2023-02-27 23:35:00,NEARUSDT.BYBIT,空,平,1.9,2.406
2023-02-28 01:30:00,NEARUSDT.BYBIT,多,开,350.2,2.353
2023-02-28 03:05:00,NEARUSDT.BYBIT,多,平,1061.3,2.3
2023-02-28 08:05:00,NEARUSDT.BYBIT,空,开,351.1,2.347
2023-02-28 16:55:00,NEARUSDT.BYBIT,多,开,730.2,2.257
2023-02-28 16:55:00,NEARUSDT.BYBIT,多,平,347.7,2.257
2023-03-01 05:50:00,NEARUSDT.BYBIT,空,开,2.3,2.229
2023-03-01 13:20:00,NEARUSDT.BYBIT,空,平,1075.9,2.345
2023-03-01 13:20:00,NEARUSDT.BYBIT,空,开,351.4,2.345
2023-03-02 03:20:00,NEARUSDT.BYBIT,多,开,359.2,2.294
2023-03-02 04:30:00,NEARUSDT.BYBIT,多,平,355.4,2.279
2023-03-02 16:10:00,NEARUSDT.BYBIT,空,开,2.7,2.245
2023-03-02 22:30:00,NEARUSDT.BYBIT,空,开,1.9,2.222
2023-03-03 02:20:00,NEARUSDT.BYBIT,多,开,743.0,2.218
2023-03-03 10:15:00,NEARUSDT.BYBIT,多,开,1595.4,2.066
2023-03-03 10:15:00,NEARUSDT.BYBIT,空,开,14.0,2.066
2023-03-03 13:20:00,NEARUSDT.BYBIT,空,开,389.4,2.116
2023-03-04 16:25:00,NEARUSDT.BYBIT,多,平,390.5,2.078
2023-03-05 04:20:00,NEARUSDT.BYBIT,空,开,4.1,2.036
2023-03-05 05:15:00,NEARUSDT.BYBIT,空,开,2.1,2.015
2023-03-05 10:20:00,NEARUSDT.BYBIT,空,开,391.0,2.107
2023-03-06 07:35:00,NEARUSDT.BYBIT,多,平,392.5,2.03
2023-03-06 09:55:00,NEARUSDT.BYBIT,空,开,2.1,2.009
2023-03-06 23:25:00,NEARUSDT.BYBIT,空,开,401.3,2.053
2023-03-07 19:30:00,NEARUSDT.BYBIT,多,平,401.6,2.012
2023-03-07 22:35:00,NEARUSDT.BYBIT,空,开,2.0,1.992
2023-03-08 00:50:00,NEARUSDT.BYBIT,多,开,3336.0,1.976
2023-03-08 01:00:00,NEARUSDT.BYBIT,空,开,2.2,1.971
2023-03-08 14:25:00,NEARUSDT.BYBIT,空,开,3.5,1.939
2023-03-08 22:15:00,NEARUSDT.BYBIT,空,开,4.7,1.897
2023-03-08 22:30:00,NEARUSDT.BYBIT,多,开,6975.6,1.89
2023-03-09 07:05:00,NEARUSDT.BYBIT,空,开,6.0,1.846
2023-03-09 10:50:00,NEARUSDT.BYBIT,空,开,437.4,1.884
2023-03-09 18:40:00,NEARUSDT.BYBIT,多,平,438.1,1.852
2023-03-09 22:30:00,NEARUSDT.BYBIT,空,开,433.6,1.9
2023-03-10 04:30:00,NEARUSDT.BYBIT,多,开,14616.5,1.804
2023-03-10 04:30:00,NEARUSDT.BYBIT,多,平,427.7,1.804
2023-03-10 05:20:00,NEARUSDT.BYBIT,空,开,5.7,1.76
2023-03-10 13:25:00,NEARUSDT.BYBIT,空,开,458.8,1.796
2023-03-10 18:55:00,NEARUSDT.BYBIT,多,开,31112.6,1.695
2023-03-10 18:55:00,NEARUSDT.BYBIT,多,平,449.8,1.695
2023-03-10 21:10:00,NEARUSDT.BYBIT,空,开,473.0,1.742
2023-03-11 07:25:00,NEARUSDT.BYBIT,空,开,918.1,1.795
2023-03-11 08:15:00,NEARUSDT.BYBIT,空,平,29457.0,1.801
2023-03-11 09:45:00,NEARUSDT.BYBIT,空,平,20619.9,1.834
2023-03-11 10:05:00,NEARUSDT.BYBIT,空,平,8613.2,1.84
2023-03-11 16:15:00,NEARUSDT.BYBIT,多,开,472.5,1.744
2023-03-11 16:15:00,NEARUSDT.BYBIT,多,平,1398.0,1.744
2023-03-11 21:40:00,NEARUSDT.BYBIT,空,开,2.5,1.726
2023-03-12 00:15:00,NEARUSDT.BYBIT,空,开,2.9,1.705
2023-03-12 00:20:00,NEARUSDT.BYBIT,多,开,967.1,1.704
2023-03-12 05:10:00,NEARUSDT.BYBIT,空,平,1429.4,1.76
2023-03-12 05:10:00,NEARUSDT.BYBIT,空,开,468.2,1.76
2023-03-12 08:10:00,NEARUSDT.BYBIT,空,平,3.2,1.784
2023-03-12 13:45:00,NEARUSDT.BYBIT,空,平,2.9,1.807
2023-03-13 02:05:00,NEARUSDT.BYBIT,空,平,3.7,1.837
2023-03-13 02:05:00,NEARUSDT.BYBIT,空,开,897.1,1.837
2023-03-13 03:15:00,NEARUSDT.BYBIT,空,平,3.3,1.864
2023-03-13 06:50:00,NEARUSDT.BYBIT,空,平,4.7,1.905
2023-03-13 08:05:00,NEARUSDT.BYBIT,空,平,2.5,1.927
2023-03-13 09:05:00,NEARUSDT.BYBIT,空,平,3.8,1.962
2023-03-13 09:05:00,NEARUSDT.BYBIT,空,开,1680.0,1.962
2023-03-13 18:05:00,NEARUSDT.BYBIT,多,开,430.7,1.913
2023-03-13 22:50:00,NEARUSDT.BYBIT,空,平,433.8,1.991
2023-03-13 23:30:00,NEARUSDT.BYBIT,空,平,3.0,2.021
2023-03-14 06:45:00,NEARUSDT.BYBIT,空,开,3239.3,2.035
2023-03-14 21:25:00,NEARUSDT.BYBIT,空,平,9.4,2.118
2023-03-14 21:25:00,NEARUSDT.BYBIT,空,开,6224.7,2.118
2023-03-14 23:00:00,NEARUSDT.BYBIT,空,平,5.5,2.18
2023-03-15 03:50:00,NEARUSDT.BYBIT,多,开,386.5,2.132
2023-03-15 19:45:00,NEARUSDT.BYBIT,多,开,808.6,2.038
2023-03-15 22:55:00,NEARUSDT.BYBIT,多,平,12545.8,2.009
2023-03-16 01:05:00,NEARUSDT.BYBIT,多,开,1734.8,1.9
2023-03-16 01:05:00,NEARUSDT.BYBIT,空,开,11.7,1.9
2023-03-16 06:25:00,NEARUSDT.BYBIT,空,开,425.2,1.938
2023-03-17 10:40:00,NEARUSDT.BYBIT,空,平,2913.8,2.009
2023-03-17 10:40:00,NEARUSDT.BYBIT,空,开,820.3,2.009
2023-03-17 19:00:00,NEARUSDT.BYBIT,空,平,5.7,2.066
2023-03-17 23:05:00,NEARUSDT.BYBIT,多,开,407.3,2.023
2023-03-18 04:00:00,NEARUSDT.BYBIT,空,平,407.6,2.069
2023-03-18 07:20:00,NEARUSDT.BYBIT,空,平,6.6,2.14
2023-03-18 07:20:00,NEARUSDT.BYBIT,空,开,1540.2,2.14
2023-03-18 09:30:00,NEARUSDT.BYBIT,空,平,5.1,2.198
2023-03-19 00:05:00,NEARUSDT.BYBIT,多,开,387.8,2.125
2023-03-20 01:15:00,NEARUSDT.BYBIT,空,平,385.4,2.171
2023-03-20 12:20:00,NEARUSDT.BYBIT,多,开,398.8,2.066
2023-03-21 01:15:00,NEARUSDT.BYBIT,多,平,2799.2,2.027
2023-03-21 02:25:00,NEARUSDT.BYBIT,多,开,822.8,2.003
2023-03-21 02:25:00,NEARUSDT.BYBIT,空,开,2.4,2.003
2023-03-21 14:10:00,NEARUSDT.BYBIT,空,开,2.1,1.983
2023-03-21 15:45:00,NEARUSDT.BYBIT,空,开,3.0,1.954
2023-03-21 20:20:00,NEARUSDT.BYBIT,空,开,412.7,1.997
2023-03-22 08:00:00,NEARUSDT.BYBIT,空,平,1212.0,2.066
2023-03-22 08:00:00,NEARUSDT.BYBIT,空,开,797.6,2.066
2023-03-22 16:05:00,NEARUSDT.BYBIT,多,开,407.3,2.023
2023-03-22 23:30:00,NEARUSDT.BYBIT,空,平,406.7,2.06
2023-03-23 01:50:00,NEARUSDT.BYBIT,多,开,412.8,1.996
2023-03-23 01:50:00,NEARUSDT.BYBIT,多,平,1214.7,1.996
2023-03-23 04:15:00,NEARUSDT.BYBIT,多,开,864.7,1.906
2023-03-23 04:15:00,NEARUSDT.BYBIT,空,开,9.8,1.906
2023-03-23 07:55:00,NEARUSDT.BYBIT,空,开,423.6,1.945
2023-03-23 16:30:00,NEARUSDT.BYBIT,空,平,1269.6,1.982
2023-03-24 00:00:00,NEARUSDT.BYBIT,空,平,7.1,2.052
2023-03-24 00:00:00,NEARUSDT.BYBIT,空,开,803.1,2.052
2023-03-24 13:10:00,NEARUSDT.BYBIT,多,开,409.9,2.01
2023-03-24 18:55:00,NEARUSDT.BYBIT,多,平,1234.4,1.976
2023-03-25 02:15:00,NEARUSDT.BYBIT,空,开,2.7,1.951
2023-03-25 11:00:00,NEARUSDT.BYBIT,空,开,413.4,1.993
2023-03-25 14:25:00,NEARUSDT.BYBIT,多,平,413.4,1.951
2023-03-25 16:55:00,NEARUSDT.BYBIT,多,开,849.5,1.94
2023-03-26 02:10:00,NEARUSDT.BYBIT,空,开,2.2,1.931
2023-03-26 04:00:00,NEARUSDT.BYBIT,空,开,3.2,1.902
2023-03-26 17:20:00,NEARUSDT.BYBIT,空,开,422.6,1.95
2023-03-27 23:30:00,NEARUSDT.BYBIT,多,平,416.7,1.852
2023-03-28 04:20:00,NEARUSDT.BYBIT,空,开,3.3,1.825
2023-03-28 23:45:00,NEARUSDT.BYBIT,空,开,442.0,1.864
2023-03-29 15:15:00,NEARUSDT.BYBIT,空,开,854.8,1.928
2023-03-30 07:55:00,NEARUSDT.BYBIT,空,平,1254.0,1.998
2023-03-30 15:10:00,NEARUSDT.BYBIT,多,开,421.3,1.956
2023-03-31 23:15:00,NEARUSDT.BYBIT,空,平,420.8,1.993
2023-04-02 23:45:00,NEARUSDT.BYBIT,多,开,429.0,1.921
2023-04-03 10:25:00,NEARUSDT.BYBIT,多,平,1302.9,1.875
2023-04-03 17:10:00,NEARUSDT.BYBIT,空,开,424.1,1.943
2023-04-03 23:35:00,NEARUSDT.BYBIT,多,平,426.3,1.894
2023-04-04 03:25:00,NEARUSDT.BYBIT,空,平,428.4,1.987
2023-04-04 03:25:00,NEARUSDT.BYBIT,空,开,414.7,1.987
2023-04-04 09:15:00,NEARUSDT.BYBIT,多,开,426.1,1.934
2023-04-04 09:15:00,NEARUSDT.BYBIT,多,平,419.2,1.934
2023-04-04 20:30:00,NEARUSDT.BYBIT,空,平,426.4,1.99
2023-04-04 20:30:00,NEARUSDT.BYBIT,空,开,414.1,1.99
2023-04-05 09:35:00,NEARUSDT.BYBIT,空,平,4.4,2.034
2023-04-05 12:15:00,NEARUSDT.BYBIT,空,开,803.1,2.052
2023-04-05 20:05:00,NEARUSDT.BYBIT,空,平,3.5,2.069
2023-04-05 23:35:00,NEARUSDT.BYBIT,多,开,408.4,2.018
2023-04-06 11:15:00,NEARUSDT.BYBIT,多,平,1223.8,1.996
2023-04-06 19:00:00,NEARUSDT.BYBIT,空,开,4.0,1.958
2023-04-07 00:15:00,NEARUSDT.BYBIT,空,开,410.6,2.007
2023-04-07 16:25:00,NEARUSDT.BYBIT,多,平,411.4,1.966
2023-04-07 22:55:00,NEARUSDT.BYBIT,空,开,410.1,2.009
2023-04-09 03:45:00,NEARUSDT.BYBIT,多,平,409.2,1.957
2023-04-09 10:45:00,NEARUSDT.BYBIT,空,开,412.2,1.999
2023-04-09 15:30:00,NEARUSDT.BYBIT,多,开,848.6,1.942
2023-04-09 15:30:00,NEARUSDT.BYBIT,多,平,410.5,1.942
2023-04-10 04:20:00,NEARUSDT.BYBIT,空,开,414.2,1.989
2023-04-10 06:55:00,NEARUSDT.BYBIT,空,平,1252.5,2.024
2023-04-10 10:25:00,NEARUSDT.BYBIT,多,开,417.2,1.975
2023-04-11 01:50:00,NEARUSDT.BYBIT,空,平,418.0,2.032
2023-04-11 06:45:00,NEARUSDT.BYBIT,空,平,2.4,2.056
2023-04-11 06:45:00,NEARUSDT.BYBIT,空,开,801.6,2.056
2023-04-11 15:00:00,NEARUSDT.BYBIT,空,平,2.7,2.084
2023-04-12 10:55:00,NEARUSDT.BYBIT,多,开,415.3,1.984
2023-04-12 10:55:00,NEARUSDT.BYBIT,多,平,1220.3,1.984
2023-04-12 16:35:00,NEARUSDT.BYBIT,空,平,416.1,2.092
2023-04-12 16:35:00,NEARUSDT.BYBIT,空,开,393.8,2.092
2023-04-12 21:45:00,NEARUSDT.BYBIT,空,平,4.0,2.136
2023-04-12 21:50:00,NEARUSDT.BYBIT,空,开,771.2,2.137
2023-04-12 22:30:00,NEARUSDT.BYBIT,空,平,2.8,2.167
2023-04-13 02:00:00,NEARUSDT.BYBIT,空,平,2.6,2.197
2023-04-13 07:35:00,NEARUSDT.BYBIT,空,平,2.7,2.229
2023-04-13 12:30:00,NEARUSDT.BYBIT,多,开,377.3,2.184
2023-04-14 09:20:00,NEARUSDT.BYBIT,空,平,379.6,2.257
2023-04-14 21:30:00,NEARUSDT.BYBIT,多,开,372.9,2.21
2023-04-15 16:45:00,NEARUSDT.BYBIT,空,平,374.8,2.281
2023-04-15 16:45:00,NEARUSDT.BYBIT,空,开,1445.0,2.281
2023-04-15 19:05:00,NEARUSDT.BYBIT,空,平,8.1,2.389
2023-04-15 19:05:00,NEARUSDT.BYBIT,空,开,2759.3,2.389
2023-04-15 22:15:00,NEARUSDT.BYBIT,多,开,352.4,2.338
2023-04-17 09:10:00,NEARUSDT.BYBIT,多,平,5394.8,2.261
2023-04-17 12:10:00,NEARUSDT.BYBIT,空,开,355.2,2.32
2023-04-17 15:25:00,NEARUSDT.BYBIT,多,平,356.2,2.274
2023-04-17 19:50:00,NEARUSDT.BYBIT,多,开,729.2,2.26
2023-04-18 14:15:00,NEARUSDT.BYBIT,空,平,1078.3,2.343
2023-04-18 14:15:00,NEARUSDT.BYBIT,空,开,351.7,2.343
2023-04-18 19:20:00,NEARUSDT.BYBIT,空,平,3.0,2.384
2023-04-19 02:15:00,NEARUSDT.BYBIT,多,开,354.3,2.326
2023-04-19 13:30:00,NEARUSDT.BYBIT,空,平,353.7,2.376
2023-04-19 17:35:00,NEARUSDT.BYBIT,多,开,378.2,2.179
2023-04-19 17:35:00,NEARUSDT.BYBIT,多,平,343.8,2.179
2023-04-20 05:35:00,NEARUSDT.BYBIT,空,开,1.9,2.157
2023-04-20 07:45:00,NEARUSDT.BYBIT,多,开,767.9,2.146
2023-04-20 20:15:00,NEARUSDT.BYBIT,空,开,2.1,2.134
2023-04-21 00:20:00,NEARUSDT.BYBIT,空,开,4.7,2.083
2023-04-21 01:15:00,NEARUSDT.BYBIT,空,开,2.2,2.06
2023-04-21 03:40:00,NEARUSDT.BYBIT,空,开,2.5,2.035
2023-04-21 19:25:00,NEARUSDT.BYBIT,空,开,2.1,2.014
2023-04-21 19:45:00,NEARUSDT.BYBIT,多,开,1639.8,2.01
2023-04-22 01:45:00,NEARUSDT.BYBIT,空,开,2.6,1.988
2023-04-22 04:15:00,NEARUSDT.BYBIT,多,开,3449.5,1.911
2023-04-22 04:15:00,NEARUSDT.BYBIT,空,开,8.4,1.911
2023-04-24 00:00:00,NEARUSDT.BYBIT,空,开,2.2,1.892
2023-04-24 03:15:00,NEARUSDT.BYBIT,空,开,3.1,1.865
2023-04-24 07:30:00,NEARUSDT.BYBIT,空,开,430.7,1.913
2023-04-25 01:15:00,NEARUSDT.BYBIT,多,平,431.9,1.875
2023-04-25 16:00:00,NEARUSDT.BYBIT,空,开,2.6,1.853
2023-04-26 02:40:00,NEARUSDT.BYBIT,空,开,430.6,1.914
2023-04-26 05:40:00,NEARUSDT.BYBIT,空,开,834.8,1.974
2023-04-26 21:00:00,NEARUSDT.BYBIT,空,平,6204.1,2.013
2023-04-27 04:30:00,NEARUSDT.BYBIT,多,开,449.3,1.834
2023-04-27 04:30:00,NEARUSDT.BYBIT,多,平,1263.1,1.834
2023-04-27 06:30:00,NEARUSDT.BYBIT,空,开,439.5,1.875
2023-04-27 08:50:00,NEARUSDT.BYBIT,空,平,439.5,1.921
2023-04-28 02:55:00,NEARUSDT.BYBIT,空,平,2.6,1.944
2023-04-28 02:55:00,NEARUSDT.BYBIT,空,开,847.7,1.944
2023-04-28 20:25:00,NEARUSDT.BYBIT,多,开,433.5,1.901
