params,total_pnl,close_trade,max_drawdown,over_drawdown,over_drawdown_count
"continuous_increase_rate_0.002, reduce_rate_0.001, trending_increase_rate_0.03, trending_open_loss_rate_0.01",738.81%,1946,-19759.06,"{'2022-02-05': -16482.99, '2022-03-19': -10084.75, '2022-07-28': -18472.28, '2023-02-14': -19759.06}",4
"continuous_increase_rate_0.002, reduce_rate_0.001, trending_increase_rate_0.03, trending_open_loss_rate_0.02",698.16%,1869,-502386.39,"{'2022-05-10': -502386.39, '2022-07-20': -91197.69, '2022-08-21': -13631.4, '2023-01-14': -22970.98, '2023-02-14': -11322.84}",5
"continuous_increase_rate_0.002, reduce_rate_0.001, trending_increase_rate_0.04, trending_open_loss_rate_0.01",4308.54%,1896,-745559.49,"{'2022-02-08': -37357.76, '2022-05-10': -745559.49, '2023-03-15': -13516.11}",3
"continuous_increase_rate_0.002, reduce_rate_0.001, trending_increase_rate_0.04, trending_open_loss_rate_0.02",563.45%,1831,-179564.25,"{'2022-02-08': -13991.65, '2022-05-10': -179564.25, '2022-07-20': -81945.57, '2022-08-21': -10035.71, '2023-01-14': -15782.48}",5
"continuous_increase_rate_0.002, reduce_rate_0.001, trending_increase_rate_0.05, trending_open_loss_rate_0.01",780.92%,1870,-492298.69,"{'2022-02-08': -11163.23, '2022-05-10': -492298.69, '2022-10-26': -84834.74, '2023-03-15': -11988.77}",4
"continuous_increase_rate_0.002, reduce_rate_0.001, trending_increase_rate_0.05, trending_open_loss_rate_0.02",1140.09%,1815,-123823.45,"{'2022-05-10': -123823.45, '2022-07-20': -83166.81, '2022-08-21': -11386.93, '2022-10-26': -29894.25, '2023-01-14': -15882.87}",5
"continuous_increase_rate_0.002, reduce_rate_0.001, trending_increase_rate_0.06, trending_open_loss_rate_0.01",2121.13%,1813,-427029.9,"{'2022-05-10': -427029.9, '2022-10-26': -37249.54}",2
"continuous_increase_rate_0.002, reduce_rate_0.001, trending_increase_rate_0.06, trending_open_loss_rate_0.02",1348.97%,1749,-102555.12,"{'2022-05-10': -102555.12, '2022-07-20': -52158.35, '2022-10-26': -29899.57, '2023-01-14': -17565.75}",4
"continuous_increase_rate_0.002, reduce_rate_0.001, trending_increase_rate_0.07, trending_open_loss_rate_0.01",790.65%,1786,-111864.27,"{'2022-05-10': -111864.27, '2022-10-26': -37549.05, '2023-01-14': -11645.81}",3
"continuous_increase_rate_0.002, reduce_rate_0.001, trending_increase_rate_0.07, trending_open_loss_rate_0.02",914.7%,1755,-57770.95,"{'2022-05-10': -57770.95, '2022-07-20': -53576.74, '2022-10-27': -21043.73}",3
"continuous_increase_rate_0.003, reduce_rate_0.001, trending_increase_rate_0.03, trending_open_loss_rate_0.01",686.41%,1895,-34873.88,"{'2022-02-05': -15472.66, '2022-06-13': -34873.88, '2022-07-28': -14654.61, '2022-08-13': -14716.2}",4
"continuous_increase_rate_0.003, reduce_rate_0.001, trending_increase_rate_0.03, trending_open_loss_rate_0.02",490.94%,1768,-228718.36,"{'2022-02-08': -19594.67, '2022-05-10': -228718.36, '2022-06-13': -10343.91, '2022-07-20': -70117.52, '2023-01-14': -17115.33}",5
"continuous_increase_rate_0.003, reduce_rate_0.001, trending_increase_rate_0.04, trending_open_loss_rate_0.01",897.16%,1818,-433046.26,"{'2022-02-08': -33723.16, '2022-05-10': -433046.26, '2022-06-13': -34993.73}",3
"continuous_increase_rate_0.003, reduce_rate_0.001, trending_increase_rate_0.04, trending_open_loss_rate_0.02",859.25%,1713,-76217.45,"{'2022-02-08': -15112.31, '2022-05-10': -76217.45, '2022-06-13': -10138.75, '2022-07-20': -63560.74, '2023-01-14': -11445.48}",5
"continuous_increase_rate_0.003, reduce_rate_0.001, trending_increase_rate_0.05, trending_open_loss_rate_0.01",914.18%,1752,-446165.12,"{'2022-02-08': -17722.72, '2022-05-10': -446165.12, '2022-06-13': -34993.73}",3
"continuous_increase_rate_0.003, reduce_rate_0.001, trending_increase_rate_0.05, trending_open_loss_rate_0.02",1102.27%,1683,-76527.13,"{'2022-05-10': -76527.13, '2022-06-13': -10170.62, '2022-07-20': -64848.06, '2023-01-14': -11565.13}",4
"continuous_increase_rate_0.003, reduce_rate_0.001, trending_increase_rate_0.06, trending_open_loss_rate_0.01",715.42%,1681,-118153.99,"{'2022-05-10': -118153.99, '2022-06-13': -35195.24}",2
"continuous_increase_rate_0.003, reduce_rate_0.001, trending_increase_rate_0.06, trending_open_loss_rate_0.02",779.64%,1640,-40980.92,"{'2022-05-10': -40980.92, '2022-06-13': -10170.62, '2022-07-20': -40314.06, '2023-01-14': -12796.95}",4
"continuous_increase_rate_0.003, reduce_rate_0.001, trending_increase_rate_0.07, trending_open_loss_rate_0.01",683.63%,1669,-119398.43,"{'2022-05-10': -119398.43, '2022-06-13': -35195.24}",2
"continuous_increase_rate_0.003, reduce_rate_0.001, trending_increase_rate_0.07, trending_open_loss_rate_0.02",629.34%,1636,-41438.6,"{'2022-05-10': -41438.6, '2022-06-13': -10274.01, '2022-07-20': -26591.82}",3
"continuous_increase_rate_0.004, reduce_rate_0.001, trending_increase_rate_0.03, trending_open_loss_rate_0.01",1505.94%,1770,-1256738.9,"{'2022-05-10': -1256738.9, '2022-06-13': -29782.21, '2022-07-28': -11494.02, '2022-08-13': -11529.38}",4
"continuous_increase_rate_0.004, reduce_rate_0.001, trending_increase_rate_0.03, trending_open_loss_rate_0.02",386.89%,1673,-189040.54,"{'2022-01-23': -189040.54, '2022-05-10': -125952.19, '2023-01-14': -14897.11}",3
"continuous_increase_rate_0.004, reduce_rate_0.001, trending_increase_rate_0.04, trending_open_loss_rate_0.01",642.71%,1711,-269411.33,"{'2022-03-20': -10675.89, '2022-05-10': -269411.33, '2022-06-13': -29902.06}",3
"continuous_increase_rate_0.004, reduce_rate_0.001, trending_increase_rate_0.04, trending_open_loss_rate_0.02",736.17%,1631,-139762.02,"{'2022-01-23': -139762.02, '2022-05-10': -75984.15, '2023-01-14': -10640.14}",3
"continuous_increase_rate_0.004, reduce_rate_0.001, trending_increase_rate_0.05, trending_open_loss_rate_0.01",750.6%,1681,-416764.43,"{'2022-01-23': -416764.43, '2022-05-10': -277848.16, '2022-06-13': -29902.06}",3
"continuous_increase_rate_0.004, reduce_rate_0.001, trending_increase_rate_0.05, trending_open_loss_rate_0.02",585.7%,1622,-106757.11,"{'2022-01-23': -106757.11, '2022-05-10': -49114.93, '2023-01-14': -10640.14}",3
"continuous_increase_rate_0.004, reduce_rate_0.001, trending_increase_rate_0.06, trending_open_loss_rate_0.01",761.69%,1644,-85135.47,"{'2022-01-22': -85135.47, '2022-06-13': -30103.49, '2023-01-14': -26237.74}",3
"continuous_increase_rate_0.004, reduce_rate_0.001, trending_increase_rate_0.06, trending_open_loss_rate_0.02",440.7%,1589,-57654.66,"{'2022-01-23': -57654.66, '2022-05-10': -29732.12, '2022-06-13': -10788.78, '2023-01-14': -11448.86}",4
"continuous_increase_rate_0.004, reduce_rate_0.001, trending_increase_rate_0.07, trending_open_loss_rate_0.01",648.25%,1602,-90434.66,"{'2022-01-22': -90434.66, '2022-05-10': -81667.59, '2022-06-13': -30103.49}",3
"continuous_increase_rate_0.004, reduce_rate_0.001, trending_increase_rate_0.07, trending_open_loss_rate_0.02",434.49%,1564,-39288.81,"{'2022-01-23': -39288.81, '2022-05-10': -28365.8, '2022-06-13': -10797.97}",3
"continuous_increase_rate_0.005, reduce_rate_0.001, trending_increase_rate_0.03, trending_open_loss_rate_0.01",1393.08%,1732,-1003199.8,"{'2022-05-10': -1003199.8, '2022-06-13': -23511.56, '2022-07-28': -11418.47, '2022-08-14': -20077.57}",4
"continuous_increase_rate_0.005, reduce_rate_0.001, trending_increase_rate_0.03, trending_open_loss_rate_0.02",773.07%,1587,-122459.25,"{'2022-01-23': -122459.25, '2022-05-10': -72352.47, '2022-07-16': -12801.47, '2022-07-20': -37626.43, '2023-01-14': -37210.93}",5
"continuous_increase_rate_0.005, reduce_rate_0.001, trending_increase_rate_0.04, trending_open_loss_rate_0.01",611.34%,1683,-215561.96,"{'2022-05-10': -215561.96, '2022-06-13': -23631.62, '2022-07-15': -14344.19}",3
"continuous_increase_rate_0.005, reduce_rate_0.001, trending_increase_rate_0.04, trending_open_loss_rate_0.02",1314.69%,1546,-1645950.67,"{'2022-01-23': -122157.08, '2022-05-10': -58365.99, '2022-07-20': -1645950.67, '2023-01-14': -26069.73}",4
"continuous_increase_rate_0.005, reduce_rate_0.001, trending_increase_rate_0.05, trending_open_loss_rate_0.01",847.44%,1606,-221599.39,"{'2022-01-22': -74002.55, '2022-05-10': -221599.39, '2022-06-13': -23631.62}",3
"continuous_increase_rate_0.005, reduce_rate_0.001, trending_increase_rate_0.05, trending_open_loss_rate_0.02",512.66%,1523,-67390.7,"{'2022-01-23': -67390.7, '2022-05-10': -37779.23, '2022-07-20': -39978.84, '2023-01-14': -17370.13}",4
"continuous_increase_rate_0.005, reduce_rate_0.001, trending_increase_rate_0.06, trending_open_loss_rate_0.01",930.81%,1579,-1059700.48,"{'2022-01-23': -123981.14, '2022-05-10': -63123.64, '2022-06-13': -23833.13, '2022-07-19': -1059700.48}",4
