params,total_pnl,close_trade,max_drawdown,over_drawdown,over_drawdown_count
"continuous_increase_rate_0.003, reduce_rate_0.001, trending_increase_rate_0.03, trending_open_loss_rate_0.01",122.81%,525,-5217.53,{},0
"continuous_increase_rate_0.003, reduce_rate_0.001, trending_increase_rate_0.04, trending_open_loss_rate_0.01",120.05%,520,-6134.25,{},0
"continuous_increase_rate_0.002, reduce_rate_0.001, trending_increase_rate_0.06, trending_open_loss_rate_0.01",125.31%,516,-4263.23,{},0
"continuous_increase_rate_0.002, reduce_rate_0.001, trending_increase_rate_0.07, trending_open_loss_rate_0.02",66.74%,506,-9139.5,{},0
"continuous_increase_rate_0.003, reduce_rate_0.001, trending_increase_rate_0.05, trending_open_loss_rate_0.01",81.5%,477,-3478.41,{},0
"continuous_increase_rate_0.006, reduce_rate_0.001, trending_increase_rate_0.03, trending_open_loss_rate_0.01",44.23%,469,-5037.41,{},0
"continuous_increase_rate_0.004, reduce_rate_0.001, trending_increase_rate_0.04, trending_open_loss_rate_0.01",67.67%,466,-4597.55,{},0
"continuous_increase_rate_0.004, reduce_rate_0.001, trending_increase_rate_0.03, trending_open_loss_rate_0.01",102.27%,463,-5107.36,{},0
"continuous_increase_rate_0.006, reduce_rate_0.001, trending_increase_rate_0.04, trending_open_loss_rate_0.01",43.65%,463,-5214.58,{},0
"continuous_increase_rate_0.004, reduce_rate_0.001, trending_increase_rate_0.05, trending_open_loss_rate_0.01",57.27%,457,-1833.89,{},0
"continuous_increase_rate_0.003, reduce_rate_0.001, trending_increase_rate_0.06, trending_open_loss_rate_0.01",87.63%,451,-2722.55,{},0
"continuous_increase_rate_0.005, reduce_rate_0.001, trending_increase_rate_0.03, trending_open_loss_rate_0.01",61.0%,450,-8058.9,{},0
"continuous_increase_rate_0.005, reduce_rate_0.001, trending_increase_rate_0.04, trending_open_loss_rate_0.01",64.04%,445,-8058.9,{},0
"continuous_increase_rate_0.003, reduce_rate_0.001, trending_increase_rate_0.07, trending_open_loss_rate_0.01",105.18%,442,-8150.48,{},0
"continuous_increase_rate_0.003, reduce_rate_0.001, trending_increase_rate_0.07, trending_open_loss_rate_0.02",55.82%,442,-6406.35,{},0
"continuous_increase_rate_0.006, reduce_rate_0.001, trending_increase_rate_0.05, trending_open_loss_rate_0.01",41.36%,438,-2230.04,{},0
"continuous_increase_rate_0.006, reduce_rate_0.001, trending_increase_rate_0.06, trending_open_loss_rate_0.01",36.17%,431,-2222.85,{},0
"continuous_increase_rate_0.004, reduce_rate_0.001, trending_increase_rate_0.07, trending_open_loss_rate_0.01",83.65%,429,-7185.52,{},0
"continuous_increase_rate_0.004, reduce_rate_0.001, trending_increase_rate_0.07, trending_open_loss_rate_0.02",41.57%,429,-5647.47,{},0
"continuous_increase_rate_0.006, reduce_rate_0.001, trending_increase_rate_0.07, trending_open_loss_rate_0.01",35.43%,417,-2222.85,{},0
"continuous_increase_rate_0.002, reduce_rate_0.002, trending_increase_rate_0.03, trending_open_loss_rate_0.01",235.49%,415,-8753.96,{},0
"continuous_increase_rate_0.002, reduce_rate_0.002, trending_increase_rate_0.03, trending_open_loss_rate_0.02",115.6%,415,-6032.64,{},0
"continuous_increase_rate_0.005, reduce_rate_0.001, trending_increase_rate_0.05, trending_open_loss_rate_0.01",58.88%,402,-3144.3,{},0
"continuous_increase_rate_0.002, reduce_rate_0.002, trending_increase_rate_0.04, trending_open_loss_rate_0.02",144.31%,392,-5980.22,{},0
"continuous_increase_rate_0.002, reduce_rate_0.002, trending_increase_rate_0.05, trending_open_loss_rate_0.02",106.04%,389,-5948.25,{},0
"continuous_increase_rate_0.002, reduce_rate_0.002, trending_increase_rate_0.06, trending_open_loss_rate_0.01",147.96%,389,-7450.8,{},0
"continuous_increase_rate_0.005, reduce_rate_0.001, trending_increase_rate_0.06, trending_open_loss_rate_0.01",46.1%,386,-3287.52,{},0
"continuous_increase_rate_0.002, reduce_rate_0.002, trending_increase_rate_0.07, trending_open_loss_rate_0.01",146.67%,385,-7450.8,{},0
"continuous_increase_rate_0.005, reduce_rate_0.001, trending_increase_rate_0.07, trending_open_loss_rate_0.01",44.78%,382,-3287.52,{},0
"continuous_increase_rate_0.002, reduce_rate_0.002, trending_increase_rate_0.06, trending_open_loss_rate_0.02",92.04%,380,-4498.58,{},0
"continuous_increase_rate_0.002, reduce_rate_0.002, trending_increase_rate_0.07, trending_open_loss_rate_0.02",94.1%,376,-4498.58,{},0
"continuous_increase_rate_0.005, reduce_rate_0.002, trending_increase_rate_0.03, trending_open_loss_rate_0.01",56.67%,352,-9858.91,{},0
"continuous_increase_rate_0.002, reduce_rate_0.003, trending_increase_rate_0.04, trending_open_loss_rate_0.01",250.91%,323,-8753.96,{},0
"continuous_increase_rate_0.002, reduce_rate_0.003, trending_increase_rate_0.05, trending_open_loss_rate_0.01",197.61%,310,-7453.17,{},0
"continuous_increase_rate_0.003, reduce_rate_0.003, trending_increase_rate_0.04, trending_open_loss_rate_0.01",142.94%,306,-5377.2,{},0
"continuous_increase_rate_0.003, reduce_rate_0.003, trending_increase_rate_0.03, trending_open_loss_rate_0.01",180.71%,300,-6316.38,{},0
"continuous_increase_rate_0.002, reduce_rate_0.003, trending_increase_rate_0.07, trending_open_loss_rate_0.01",161.48%,297,-7453.17,{},0
"continuous_increase_rate_0.005, reduce_rate_0.002, trending_increase_rate_0.06, trending_open_loss_rate_0.01",52.6%,294,-3838.77,{},0
"continuous_increase_rate_0.003, reduce_rate_0.003, trending_increase_rate_0.05, trending_open_loss_rate_0.01",134.22%,293,-5377.2,{},0
"continuous_increase_rate_0.005, reduce_rate_0.002, trending_increase_rate_0.07, trending_open_loss_rate_0.01",51.33%,292,-3831.58,{},0
"continuous_increase_rate_0.003, reduce_rate_0.003, trending_increase_rate_0.07, trending_open_loss_rate_0.01",107.93%,277,-5377.2,{},0
"continuous_increase_rate_0.003, reduce_rate_0.003, trending_increase_rate_0.06, trending_open_loss_rate_0.01",136.48%,273,-5377.2,{},0
"continuous_increase_rate_0.003, reduce_rate_0.003, trending_increase_rate_0.07, trending_open_loss_rate_0.02",124.95%,273,-8791.15,{},0
"continuous_increase_rate_0.004, reduce_rate_0.004, trending_increase_rate_0.07, trending_open_loss_rate_0.01",111.35%,222,-5047.96,{},0
"continuous_increase_rate_0.003, reduce_rate_0.005, trending_increase_rate_0.04, trending_open_loss_rate_0.01",237.35%,218,-8598.9,{},0
"continuous_increase_rate_0.003, reduce_rate_0.005, trending_increase_rate_0.07, trending_open_loss_rate_0.02",171.92%,200,-7467.72,{},0
"continuous_increase_rate_0.005, reduce_rate_0.005, trending_increase_rate_0.04, trending_open_loss_rate_0.01",197.5%,189,-6681.91,{},0
"continuous_increase_rate_0.004, reduce_rate_0.005, trending_increase_rate_0.07, trending_open_loss_rate_0.01",124.33%,183,-5039.45,{},0
"continuous_increase_rate_0.006, reduce_rate_0.005, trending_increase_rate_0.04, trending_open_loss_rate_0.01",146.72%,176,-6033.0,{},0