datetime,symbol,direction,offset,size,volume,price,pnl,totalPnl
2010-01-18 00:00:00,RB99,空,开仓,10,3,4339.0,,
2010-01-22 00:00:00,RB99,空,开仓,10,3,4310.0,,
2010-01-22 00:00:00,RB99,空,开仓,10,3,4271.0,,
2010-02-02 00:00:00,RB99,空,开仓,10,3,4231.0,,
2010-02-22 00:00:00,RB99,多,平仓,10,12,4334.0,-5550.0,-5550.0
2010-03-16 00:00:00,RB99,多,开仓,10,4,4699.0,,
2010-03-16 00:00:00,RB99,多,开仓,10,4,4727.0,,
2010-03-16 00:00:00,RB99,多,开仓,10,4,4756.0,,
2010-03-16 00:00:00,RB99,多,开仓,10,4,4784.0,,
2010-04-19 00:00:00,RB99,空,平仓,10,16,4758.0,2640.0,-2910.0
2010-07-20 00:00:00,RB99,空,开仓,10,5,4138.0,,
2010-07-20 00:00:00,RB99,空,开仓,10,5,4138.0,,
2010-07-20 00:00:00,RB99,空,开仓,10,5,4138.0,,
2010-07-20 00:00:00,RB99,空,开仓,10,5,4138.0,,
2010-07-20 00:00:00,RB99,多,平仓,10,20,4156.0,-3600.0,-6510.0
2010-09-28 00:00:00,RB99,空,开仓,10,3,4236.0,,
2010-09-30 00:00:00,RB99,空,开仓,10,3,4196.0,,
2010-10-11 00:00:00,RB99,多,平仓,10,6,4356.0,-8400.0,-14910.0
2010-11-01 00:00:00,RB99,多,开仓,10,3,4554.0,,
2010-11-04 00:00:00,RB99,多,开仓,10,3,4588.0,,
2010-11-05 00:00:00,RB99,多,开仓,10,3,4650.0,,
2010-11-05 00:00:00,RB99,多,开仓,10,3,4657.0,,
2010-11-17 00:00:00,RB99,空,平仓,10,12,4529.0,-9990.0,-24900.0
2010-12-13 00:00:00,RB99,多,开仓,10,4,4771.0,,
2010-12-15 00:00:00,RB99,多,开仓,10,4,4798.0,,
2010-12-20 00:00:00,RB99,多,开仓,10,4,4826.0,,
2010-12-27 00:00:00,RB99,空,平仓,10,12,4728.0,-8440.0,-33340.0
2011-01-04 00:00:00,RB99,多,开仓,10,5,4832.0,,
2011-01-12 00:00:00,RB99,多,开仓,10,5,4860.0,,
2011-01-14 00:00:00,RB99,多,开仓,10,5,4874.0,,
2011-01-14 00:00:00,RB99,多,开仓,10,5,4895.0,,
2011-02-10 00:00:00,RB99,空,平仓,10,20,5017.0,30350.0,-2990.0
2011-02-21 00:00:00,RB99,空,开仓,10,3,4983.0,,
2011-02-22 00:00:00,RB99,空,开仓,10,3,4953.0,,
2011-02-24 00:00:00,RB99,空,开仓,10,3,4924.0,,
2011-02-24 00:00:00,RB99,空,开仓,10,3,4894.0,,
2011-04-06 00:00:00,RB99,多,平仓,10,12,4833.0,12660.0,9670.0
2011-05-03 00:00:00,RB99,多,开仓,10,4,4937.0,,
2011-05-03 00:00:00,RB99,多,开仓,10,4,4964.0,,
2011-05-06 00:00:00,RB99,空,平仓,10,8,4850.0,-8040.0,1630.0
2011-06-16 00:00:00,RB99,空,开仓,10,6,4773.0,,
2011-06-17 00:00:00,RB99,空,开仓,10,6,4757.0,,
2011-06-17 00:00:00,RB99,空,开仓,10,6,4742.0,,
2011-06-17 00:00:00,RB99,空,开仓,10,6,4726.0,,
2011-07-04 00:00:00,RB99,多,平仓,10,24,4755.0,-1320.0,310.0
2011-07-11 00:00:00,RB99,多,开仓,10,5,4839.0,,
2011-07-11 00:00:00,RB99,多,开仓,10,5,4857.0,,
2011-07-13 00:00:00,RB99,多,开仓,10,5,4876.0,,
2011-07-13 00:00:00,RB99,多,开仓,10,5,4894.0,,
2011-08-08 00:00:00,RB99,空,平仓,10,20,4875.0,1700.0,2010.0
2011-08-08 00:00:00,RB99,空,开仓,10,5,4773.0,,
2011-08-08 00:00:00,RB99,空,开仓,10,5,4773.0,,
2011-08-08 00:00:00,RB99,空,开仓,10,5,4760.0,,
2011-08-09 00:00:00,RB99,空,开仓,10,5,4700.0,,
2011-08-10 00:00:00,RB99,多,平仓,10,20,4791.0,-7900.0,-5890.0
2011-09-14 00:00:00,RB99,空,开仓,10,6,4762.0,,
2011-09-14 00:00:00,RB99,空,开仓,10,6,4746.0,,
2011-09-16 00:00:00,RB99,空,开仓,10,6,4729.0,,
2011-09-19 00:00:00,RB99,空,开仓,10,6,4700.0,,
2011-11-03 00:00:00,RB99,多,平仓,10,24,4041.0,166380.0,160490.0
2011-11-03 00:00:00,RB99,空,开仓,10,7,4020.0,,
2011-11-03 00:00:00,RB99,空,开仓,10,7,4020.0,,
2011-11-03 00:00:00,RB99,空,开仓,10,7,4020.0,,
2011-11-03 00:00:00,RB99,空,开仓,10,7,4020.0,,
2011-11-14 00:00:00,RB99,多,平仓,10,28,4187.0,-46760.0,113730.0
2012-01-16 00:00:00,RB99,多,开仓,10,6,4244.0,,
2012-01-17 00:00:00,RB99,多,开仓,10,6,4261.0,,
2012-01-17 00:00:00,RB99,多,开仓,10,6,4278.0,,
2012-01-17 00:00:00,RB99,多,开仓,10,6,4296.0,,
2012-02-13 00:00:00,RB99,空,平仓,10,24,4258.0,-2820.0,110910.0
2012-02-15 00:00:00,RB99,空,开仓,10,5,4202.0,,
2012-02-16 00:00:00,RB99,空,开仓,10,5,4175.0,,
2012-02-16 00:00:00,RB99,空,开仓,10,5,4164.0,,
2012-02-22 00:00:00,RB99,多,平仓,10,15,4240.0,-8950.0,101960.0
2012-03-09 00:00:00,RB99,多,开仓,10,5,4321.0,,
2012-03-13 00:00:00,RB99,多,开仓,10,5,4340.0,,
2012-03-14 00:00:00,RB99,多,开仓,10,5,4359.0,,
2012-04-05 00:00:00,RB99,空,平仓,10,15,4313.0,-4050.0,97910.0
2012-04-06 00:00:00,RB99,多,开仓,10,7,4371.0,,
2012-04-06 00:00:00,RB99,多,开仓,10,7,4385.0,,
2012-04-09 00:00:00,RB99,多,开仓,10,7,4399.0,,
2012-04-16 00:00:00,RB99,空,平仓,10,21,4343.0,-8820.0,89090.0
2012-04-23 00:00:00,RB99,空,开仓,10,6,4291.0,,
2012-04-24 00:00:00,RB99,空,开仓,10,6,4275.0,,
2012-04-25 00:00:00,RB99,空,开仓,10,6,4259.0,,
2012-05-03 00:00:00,RB99,空,开仓,10,6,4238.0,,
2012-05-31 00:00:00,RB99,多,平仓,10,24,4118.0,35460.0,124550.0
2012-07-10 00:00:00,RB99,空,开仓,10,6,4028.0,,
2012-07-10 00:00:00,RB99,空,开仓,10,6,4012.0,,
2012-07-10 00:00:00,RB99,空,开仓,10,6,3995.0,,
2012-07-11 00:00:00,RB99,空,开仓,10,6,3979.0,,
2012-07-12 00:00:00,RB99,多,平仓,10,24,3997.0,1560.0,126110.0
2012-07-12 00:00:00,RB99,空,开仓,10,6,3930.0,,
2012-07-12 00:00:00,RB99,空,开仓,10,6,3930.0,,
2012-07-12 00:00:00,RB99,空,开仓,10,6,3930.0,,
2012-07-12 00:00:00,RB99,空,开仓,10,6,3930.0,,
2012-09-14 00:00:00,RB99,多,平仓,10,24,3520.0,98400.0,224510.0
2012-09-27 00:00:00,RB99,多,开仓,10,2,3638.0,,
2012-10-09 00:00:00,RB99,多,开仓,10,2,3682.0,,
2012-10-23 00:00:00,RB99,空,平仓,10,4,3687.0,1080.0,225590.0
2012-10-23 00:00:00,RB99,多,开仓,10,3,3733.0,,
2012-10-31 00:00:00,RB99,空,平仓,10,3,3599.0,-4020.0,221570.0
2012-11-19 00:00:00,RB99,空,开仓,10,5,3589.0,,
2012-11-19 00:00:00,RB99,空,开仓,10,5,3567.0,,
2012-11-19 00:00:00,RB99,空,开仓,10,5,3546.0,,
2012-11-27 00:00:00,RB99,空,开仓,10,5,3524.0,,
2012-12-05 00:00:00,RB99,多,平仓,10,20,3579.0,-4500.0,217070.0
2012-12-10 00:00:00,RB99,多,开仓,10,4,3677.0,,
2012-12-10 00:00:00,RB99,多,开仓,10,4,3700.0,,
2012-12-14 00:00:00,RB99,多,开仓,10,4,3724.0,,
2012-12-14 00:00:00,RB99,多,开仓,10,4,3747.0,,
2013-02-19 00:00:00,RB99,空,平仓,10,16,4062.0,56000.0,273070.0
2013-02-19 00:00:00,RB99,多,开仓,10,5,4176.0,,
2013-02-19 00:00:00,RB99,多,开仓,10,5,4176.0,,
2013-02-19 00:00:00,RB99,多,开仓,10,5,4176.0,,
2013-02-19 00:00:00,RB99,多,开仓,10,5,4176.0,,
2013-02-21 00:00:00,RB99,空,平仓,10,20,4150.0,-5200.0,267870.0
2013-04-16 00:00:00,RB99,空,开仓,10,3,3680.0,,
2013-04-16 00:00:00,RB99,空,开仓,10,3,3672.0,,
2013-04-18 00:00:00,RB99,空,开仓,10,3,3621.0,,
2013-04-18 00:00:00,RB99,空,开仓,10,3,3606.0,,
2013-05-13 00:00:00,RB99,多,平仓,10,12,3684.0,-4710.0,263160.0
2013-05-16 00:00:00,RB99,空,开仓,10,3,3530.0,,
2013-05-28 00:00:00,RB99,空,开仓,10,3,3496.0,,
2013-05-29 00:00:00,RB99,空,开仓,10,3,3461.0,,
2013-05-30 00:00:00,RB99,空,开仓,10,3,3422.0,,
2013-06-17 00:00:00,RB99,多,平仓,10,12,3500.0,-2730.0,260430.0
2013-07-03 00:00:00,RB99,多,开仓,10,4,3547.0,,
2013-07-04 00:00:00,RB99,空,平仓,10,4,3553.0,240.0,260670.0
2013-07-04 00:00:00,RB99,多,开仓,10,3,3628.0,,
2013-07-11 00:00:00,RB99,多,开仓,10,3,3662.0,,
2013-07-11 00:00:00,RB99,多,开仓,10,3,3696.0,,
2013-07-29 00:00:00,RB99,空,平仓,10,9,3650.0,-1080.0,259590.0
2013-08-07 00:00:00,RB99,多,开仓,10,7,3712.0,,
2013-08-08 00:00:00,RB99,多,开仓,10,7,3726.0,,
2013-08-08 00:00:00,RB99,多,开仓,10,7,3740.0,,
2013-08-09 00:00:00,RB99,多,开仓,10,7,3754.0,,
2013-08-29 00:00:00,RB99,空,平仓,10,28,3762.0,8120.0,267710.0
2013-12-23 00:00:00,RB99,空,开仓,10,7,3614.0,,
2013-12-25 00:00:00,RB99,空,开仓,10,7,3599.0,,
2013-12-26 00:00:00,RB99,空,开仓,10,7,3584.0,,
2013-12-30 00:00:00,RB99,空,开仓,10,7,3570.0,,
2014-03-05 00:00:00,RB99,多,平仓,10,28,3318.0,76650.0,344360.0
2014-05-05 00:00:00,RB99,空,开仓,10,5,3211.0,,
2014-05-05 00:00:00,RB99,空,开仓,10,5,3191.0,,
2014-05-09 00:00:00,RB99,空,开仓,10,5,3171.0,,
2014-05-15 00:00:00,RB99,空,开仓,10,5,3151.0,,
2014-06-25 00:00:00,RB99,多,平仓,10,20,3077.0,20800.0,365160.0
2014-07-08 00:00:00,RB99,多,开仓,10,7,3091.0,,
2014-07-14 00:00:00,RB99,多,开仓,10,7,3142.0,,
2014-07-18 00:00:00,RB99,空,平仓,10,14,3083.0,-4690.0,360470.0
2014-07-21 00:00:00,RB99,空,开仓,10,6,3046.0,,
2014-07-24 00:00:00,RB99,空,开仓,10,6,3030.0,,
2014-07-29 00:00:00,RB99,多,平仓,10,12,3095.0,-6840.0,353630.0
2014-08-14 00:00:00,RB99,空,开仓,10,7,3028.0,,
2014-08-18 00:00:00,RB99,空,开仓,10,7,3013.0,,
2014-08-20 00:00:00,RB99,空,开仓,10,7,2998.0,,
2014-08-21 00:00:00,RB99,空,开仓,10,7,2983.0,,
2014-10-14 00:00:00,RB99,多,平仓,10,28,2664.0,95620.0,449250.0
2014-10-21 00:00:00,RB99,空,开仓,10,8,2611.0,,
2014-10-21 00:00:00,RB99,空,开仓,10,8,2611.0,,
2014-10-21 00:00:00,RB99,空,开仓,10,8,2611.0,,
2014-10-21 00:00:00,RB99,空,开仓,10,8,2611.0,,
2014-11-28 00:00:00,RB99,多,平仓,10,32,2539.0,23040.0,472290.0
2014-12-30 00:00:00,RB99,多,开仓,10,5,2603.0,,
2014-12-31 00:00:00,RB99,多,开仓,10,5,2622.0,,
2015-01-05 00:00:00,RB99,空,平仓,10,10,2547.0,-6550.0,465740.0
2015-01-06 00:00:00,RB99,多,开仓,10,5,2626.0,,
2015-01-06 00:00:00,RB99,多,开仓,10,5,2647.0,,
2015-01-08 00:00:00,RB99,空,平仓,10,10,2563.0,-7350.0,458390.0
2015-01-14 00:00:00,RB99,空,开仓,10,4,2461.0,,
2015-02-16 00:00:00,RB99,多,平仓,10,4,2526.0,-2600.0,455790.0
2015-03-02 00:00:00,RB99,空,开仓,10,6,2441.0,,
2015-03-06 00:00:00,RB99,空,开仓,10,6,2425.0,,
2015-03-09 00:00:00,RB99,空,开仓,10,6,2409.0,,
2015-03-09 00:00:00,RB99,空,开仓,10,6,2393.0,,
2015-03-12 00:00:00,RB99,多,平仓,10,24,2371.0,11040.0,466830.0
2015-03-12 00:00:00,RB99,空,开仓,10,6,2474.0,,
2015-03-12 00:00:00,RB99,空,开仓,10,6,2474.0,,
2015-03-12 00:00:00,RB99,空,开仓,10,6,2474.0,,
2015-03-12 00:00:00,RB99,空,开仓,10,6,2474.0,,
2015-03-23 00:00:00,RB99,多,平仓,10,24,2524.0,-12000.0,454830.0
2015-03-27 00:00:00,RB99,空,开仓,10,5,2449.0,,
2015-03-27 00:00:00,RB99,空,开仓,10,5,2430.0,,
2015-03-27 00:00:00,RB99,空,开仓,10,5,2410.0,,
2015-03-30 00:00:00,RB99,多,平仓,10,15,2488.0,-8750.0,446080.0
2015-04-01 00:00:00,RB99,空,开仓,10,5,2407.0,,
2015-04-01 00:00:00,RB99,空,开仓,10,5,2386.0,,
2015-04-02 00:00:00,RB99,空,开仓,10,5,2364.0,,
2015-04-02 00:00:00,RB99,空,开仓,10,5,2343.0,,
2015-04-24 00:00:00,RB99,多,平仓,10,20,2341.0,6800.0,452880.0
2015-06-12 00:00:00,RB99,空,开仓,10,7,2302.0,,
2015-06-15 00:00:00,RB99,空,开仓,10,7,2288.0,,
2015-06-16 00:00:00,RB99,空,开仓,10,7,2273.0,,
2015-06-16 00:00:00,RB99,空,开仓,10,7,2261.0,,
2015-07-21 00:00:00,RB99,多,平仓,10,28,2068.0,59640.0,512520.0
2015-07-21 00:00:00,RB99,空,开仓,10,8,2104.0,,
2015-07-21 00:00:00,RB99,空,开仓,10,8,2104.0,,
2015-07-21 00:00:00,RB99,空,开仓,10,8,2104.0,,
2015-07-21 00:00:00,RB99,空,开仓,10,8,2104.0,,
2015-07-21 00:00:00,RB99,多,平仓,10,32,2123.0,-6080.0,506440.0
2015-11-05 00:00:00,RB99,空,开仓,10,7,1781.0,,
2015-11-05 00:00:00,RB99,空,开仓,10,7,1781.0,,
2015-12-15 00:00:00,RB99,多,平仓,10,14,1676.0,14700.0,521140.0
2016-01-22 00:00:00,RB99,多,开仓,10,7,1846.0,,
2016-01-27 00:00:00,RB99,多,开仓,10,7,1861.0,,
2016-02-02 00:00:00,RB99,空,平仓,10,14,1805.0,-6790.0,514350.0
2016-02-15 00:00:00,RB99,多,开仓,10,6,1871.0,,
2016-02-19 00:00:00,RB99,多,开仓,10,6,1887.0,,
2016-03-14 00:00:00,RB99,空,平仓,10,12,2058.0,21480.0,535830.0
2016-03-14 00:00:00,RB99,多,开仓,10,7,2000.0,,
2016-03-14 00:00:00,RB99,多,开仓,10,7,2000.0,,
2016-05-04 00:00:00,RB99,空,平仓,10,14,2396.0,55440.0,591270.0
2016-09-07 00:00:00,RB99,空,开仓,10,3,2362.0,,
2016-09-08 00:00:00,RB99,空,开仓,10,3,2329.0,,
2016-09-12 00:00:00,RB99,空,开仓,10,3,2295.0,,
2016-09-13 00:00:00,RB99,空,开仓,10,3,2262.0,,
2016-10-12 00:00:00,RB99,多,平仓,10,12,2353.0,-4920.0,586350.0
2016-11-28 00:00:00,RB99,多,开仓,10,4,3252.0,,
2016-11-28 00:00:00,RB99,多,开仓,10,4,3252.0,,
2016-11-28 00:00:00,RB99,多,开仓,10,4,3252.0,,
2016-11-28 00:00:00,RB99,多,开仓,10,4,3252.0,,
2016-12-20 00:00:00,RB99,空,平仓,10,16,3161.0,-14560.0,571790.0
2017-01-16 00:00:00,RB99,多,开仓,10,2,3409.0,,
2017-01-23 00:00:00,RB99,空,平仓,10,2,3181.0,-4560.0,567230.0
2017-02-13 00:00:00,RB99,多,开仓,10,2,3418.0,,
2017-02-16 00:00:00,RB99,多,开仓,10,2,3484.0,,
2017-02-20 00:00:00,RB99,多,开仓,10,2,3550.0,,
2017-02-21 00:00:00,RB99,多,开仓,10,2,3616.0,,
2017-03-09 00:00:00,RB99,空,平仓,10,8,3373.0,-11520.0,555710.0
2017-03-15 00:00:00,RB99,多,开仓,10,2,3648.0,,
2017-03-22 00:00:00,RB99,空,平仓,10,2,3418.0,-4600.0,551110.0
2017-03-23 00:00:00,RB99,空,开仓,10,2,3119.0,,
2017-03-24 00:00:00,RB99,空,开仓,10,2,3104.0,,
2017-03-27 00:00:00,RB99,空,开仓,10,2,3053.0,,
2017-04-05 00:00:00,RB99,多,平仓,10,6,3257.0,-9900.0,541210.0
2017-04-07 00:00:00,RB99,空,开仓,10,2,3003.0,,
2017-04-12 00:00:00,RB99,空,开仓,10,2,2948.0,,
2017-04-12 00:00:00,RB99,空,开仓,10,2,2893.0,,
2017-04-26 00:00:00,RB99,多,平仓,10,6,2999.0,-3060.0,538150.0
2017-05-19 00:00:00,RB99,多,开仓,10,2,3160.0,,
2017-05-19 00:00:00,RB99,多,开仓,10,2,3209.0,,
2017-05-31 00:00:00,RB99,空,平仓,10,4,3111.0,-2940.0,535210.0
2017-06-28 00:00:00,RB99,多,开仓,10,2,3273.0,,
2017-06-29 00:00:00,RB99,多,开仓,10,2,3316.0,,
2017-08-09 00:00:00,RB99,空,平仓,10,4,4042.0,29900.0,565110.0
2017-08-09 00:00:00,RB99,多,开仓,10,3,3891.0,,
2017-08-09 00:00:00,RB99,多,开仓,10,3,3891.0,,
2017-09-15 00:00:00,RB99,空,平仓,10,6,3818.0,-4380.0,560730.0
2017-10-11 00:00:00,RB99,空,开仓,10,2,3524.0,,
2017-10-13 00:00:00,RB99,多,平仓,10,2,3749.0,-4500.0,556230.0
2017-11-10 00:00:00,RB99,多,开仓,10,2,3760.0,,
2017-11-10 00:00:00,RB99,多,开仓,10,2,3760.0,,
2017-11-10 00:00:00,RB99,多,开仓,10,2,3760.0,,
2017-11-17 00:00:00,RB99,空,平仓,10,6,3635.0,-7500.0,548730.0
2017-11-23 00:00:00,RB99,多,开仓,10,2,3846.0,,
2017-11-29 00:00:00,RB99,多,开仓,10,2,3893.0,,
2017-12-07 00:00:00,RB99,空,平仓,10,4,3799.0,-2820.0,545910.0
2017-12-28 00:00:00,RB99,空,开仓,10,2,3759.0,,
2018-01-19 00:00:00,RB99,多,平仓,10,2,3876.0,-2340.0,543570.0
2018-01-22 00:00:00,RB99,多,开仓,10,3,3954.0,,
2018-01-25 00:00:00,RB99,多,开仓,10,3,3987.0,,
2018-02-09 00:00:00,RB99,空,平仓,10,6,3892.0,-4710.0,538860.0
2018-02-23 00:00:00,RB99,空,开仓,10,4,3841.0,,
2018-02-26 00:00:00,RB99,多,平仓,10,4,3954.0,-4520.0,534340.0
2018-03-08 00:00:00,RB99,空,开仓,10,3,3841.0,,
2018-03-08 00:00:00,RB99,空,开仓,10,3,3808.0,,
2018-03-09 00:00:00,RB99,空,开仓,10,3,3773.0,,
2018-03-09 00:00:00,RB99,空,开仓,10,3,3742.0,,
2018-03-28 00:00:00,RB99,多,平仓,10,12,3447.0,41280.0,575620.0
2018-03-28 00:00:00,RB99,空,开仓,10,4,3239.0,,
2018-03-28 00:00:00,RB99,空,开仓,10,4,3239.0,,
2018-03-28 00:00:00,RB99,空,开仓,10,4,3239.0,,
2018-03-28 00:00:00,RB99,空,开仓,10,4,3239.0,,
2018-04-18 00:00:00,RB99,多,平仓,10,16,3480.0,-38560.0,537060.0
2018-06-01 00:00:00,RB99,多,开仓,10,3,3715.0,,
2018-06-01 00:00:00,RB99,多,开仓,10,3,3748.0,,
2018-06-06 00:00:00,RB99,多,开仓,10,3,3781.0,,
2018-06-07 00:00:00,RB99,多,开仓,10,3,3814.0,,
2018-06-25 00:00:00,RB99,空,平仓,10,12,3733.0,-3780.0,533280.0
2018-07-12 00:00:00,RB99,多,开仓,10,3,3910.0,,
2018-07-12 00:00:00,RB99,多,开仓,10,3,3944.0,,
2018-07-12 00:00:00,RB99,多,开仓,10,3,3977.0,,
2018-07-19 00:00:00,RB99,多,开仓,10,3,4011.0,,
2018-08-20 00:00:00,RB99,空,平仓,10,12,4485.0,62940.0,596220.0
2018-08-20 00:00:00,RB99,多,开仓,10,3,4282.0,,
2018-08-20 00:00:00,RB99,多,开仓,10,3,4282.0,,
2018-08-20 00:00:00,RB99,多,开仓,10,3,4282.0,,
2018-08-20 00:00:00,RB99,多,开仓,10,3,4282.0,,
2018-08-30 00:00:00,RB99,空,平仓,10,12,4089.0,-23160.0,573060.0
2018-09-28 00:00:00,RB99,空,开仓,10,2,3993.0,,
2018-09-28 00:00:00,RB99,空,开仓,10,2,3947.0,,
2018-10-12 00:00:00,RB99,多,平仓,10,4,4131.0,-6440.0,566620.0
2018-10-18 00:00:00,RB99,多,开仓,10,2,4205.0,,
2018-11-01 00:00:00,RB99,空,平仓,10,2,4054.0,-3020.0,563600.0
2018-11-06 00:00:00,RB99,空,开仓,10,2,3958.0,,
2018-11-07 00:00:00,RB99,空,开仓,10,2,3918.0,,
2018-11-29 00:00:00,RB99,多,平仓,10,4,3649.0,11560.0,575160.0
2018-11-29 00:00:00,RB99,空,开仓,10,3,3293.0,,
2018-11-29 00:00:00,RB99,空,开仓,10,3,3293.0,,
2018-12-20 00:00:00,RB99,多,平仓,10,6,3473.0,-10800.0,564360.0
2019-04-03 00:00:00,RB99,多,开仓,10,4,3592.0,,
2019-04-08 00:00:00,RB99,多,开仓,10,4,3618.0,,
2019-04-08 00:00:00,RB99,多,开仓,10,4,3643.0,,
2019-04-08 00:00:00,RB99,多,开仓,10,4,3669.0,,
2014-05-05 00:00:00,HC99,空,开仓,10,6,3324.0,,
2014-05-05 00:00:00,HC99,空,开仓,10,6,3306.0,,
2014-05-05 00:00:00,HC99,空,开仓,10,6,3289.0,,
2014-05-05 00:00:00,HC99,空,开仓,10,6,3271.0,,
2014-05-06 00:00:00,HC99,多,平仓,10,24,3342.0,-10680.0,553680.0
2014-06-10 00:00:00,HC99,空,开仓,10,6,3240.0,,
2014-06-16 00:00:00,HC99,空,开仓,10,6,3223.0,,
2014-06-20 00:00:00,HC99,多,平仓,10,12,3282.0,-6060.0,547620.0
2014-06-27 00:00:00,HC99,多,开仓,10,7,3324.0,,
2014-07-10 00:00:00,HC99,多,开仓,10,7,3339.0,,
2014-07-14 00:00:00,HC99,多,开仓,10,7,3353.0,,
2014-07-15 00:00:00,HC99,多,开仓,10,7,3368.0,,
2014-07-17 00:00:00,HC99,空,平仓,10,28,3300.0,-12880.0,534740.0
2014-07-21 00:00:00,HC99,空,开仓,10,7,3266.0,,
2014-07-29 00:00:00,HC99,多,平仓,10,7,3325.0,-4130.0,530610.0
2014-08-15 00:00:00,HC99,空,开仓,10,6,3266.0,,
2014-08-15 00:00:00,HC99,空,开仓,10,6,3248.0,,
2014-08-15 00:00:00,HC99,空,开仓,10,6,3230.0,,
2014-08-18 00:00:00,HC99,多,平仓,10,18,3302.0,-9720.0,520890.0
2014-08-22 00:00:00,HC99,空,开仓,10,5,3218.0,,
2014-08-25 00:00:00,HC99,空,开仓,10,5,3198.0,,
2014-09-01 00:00:00,HC99,多,平仓,10,10,3180.0,2800.0,523690.0
2014-09-01 00:00:00,HC99,空,开仓,10,6,3122.0,,
2014-09-01 00:00:00,HC99,空,开仓,10,6,3122.0,,
2014-10-13 00:00:00,HC99,多,平仓,10,12,2882.0,28800.0,552490.0
2014-12-01 00:00:00,HC99,多,开仓,10,5,2988.0,,
2014-12-01 00:00:00,HC99,多,开仓,10,5,3008.0,,
2014-12-19 00:00:00,HC99,空,平仓,10,10,2982.0,-1600.0,550890.0
2014-12-19 00:00:00,HC99,多,开仓,10,4,2886.0,,
2014-12-19 00:00:00,HC99,多,开仓,10,4,2886.0,,
2014-12-22 00:00:00,HC99,空,平仓,10,8,2854.0,-2560.0,548330.0
2014-12-30 00:00:00,HC99,多,开仓,10,5,2950.0,,
2015-01-06 00:00:00,HC99,多,开仓,10,5,2969.0,,
2015-01-06 00:00:00,HC99,多,开仓,10,5,2987.0,,
2015-01-07 00:00:00,HC99,空,平仓,10,15,2913.0,-8350.0,539980.0
2015-01-12 00:00:00,HC99,空,开仓,10,4,2804.0,,
2015-01-12 00:00:00,HC99,空,开仓,10,4,2779.0,,
2015-01-12 00:00:00,HC99,空,开仓,10,4,2754.0,,
2015-01-13 00:00:00,HC99,空,开仓,10,4,2729.0,,
2015-02-02 00:00:00,HC99,多,平仓,10,16,2684.0,13200.0,553180.0
2015-03-27 00:00:00,HC99,空,开仓,10,5,2482.0,,
2015-03-27 00:00:00,HC99,空,开仓,10,5,2464.0,,
2015-04-08 00:00:00,HC99,多,平仓,10,10,2348.0,12500.0,565680.0
2015-04-08 00:00:00,HC99,空,开仓,10,6,2376.0,,
2015-04-08 00:00:00,HC99,空,开仓,10,6,2376.0,,
2015-04-22 00:00:00,HC99,多,平仓,10,12,2424.0,-5760.0,559920.0
2015-06-12 00:00:00,HC99,空,开仓,10,7,2407.0,,
2015-06-12 00:00:00,HC99,空,开仓,10,7,2393.0,,
2015-07-29 00:00:00,HC99,多,平仓,10,14,2054.0,48440.0,608360.0
2015-07-29 00:00:00,HC99,空,开仓,10,9,2080.0,,
2015-07-29 00:00:00,HC99,空,开仓,10,9,2080.0,,
2015-07-29 00:00:00,HC99,空,开仓,10,9,2080.0,,
2015-07-29 00:00:00,HC99,空,开仓,10,9,2080.0,,
2015-08-06 00:00:00,HC99,多,平仓,10,36,2150.0,-25200.0,583160.0
2015-08-24 00:00:00,HC99,空,开仓,10,6,2021.0,,
2015-08-24 00:00:00,HC99,空,开仓,10,6,2004.0,,
2015-08-24 00:00:00,HC99,空,开仓,10,6,1988.0,,
2015-08-24 00:00:00,HC99,空,开仓,10,6,1971.0,,
2015-12-01 00:00:00,HC99,多,平仓,10,24,1698.0,71520.0,654680.0
2016-04-14 00:00:00,HC99,多,开仓,10,7,2558.0,,
2016-04-14 00:00:00,HC99,多,开仓,10,7,2558.0,,
2016-04-14 00:00:00,HC99,多,开仓,10,7,2558.0,,
2016-04-14 00:00:00,HC99,多,开仓,10,7,2558.0,,
2016-05-04 00:00:00,HC99,空,平仓,10,28,2562.0,1120.0,655800.0
2016-06-13 00:00:00,HC99,多,开仓,10,2,2325.0,,
2016-06-13 00:00:00,HC99,多,开仓,10,2,2366.0,,
2016-06-17 00:00:00,HC99,空,平仓,10,4,2201.0,-5780.0,650020.0
2016-06-27 00:00:00,HC99,多,开仓,10,3,2379.0,,
2016-06-27 00:00:00,HC99,多,开仓,10,3,2415.0,,
2016-06-28 00:00:00,HC99,多,开仓,10,3,2460.0,,
2016-07-19 00:00:00,HC99,空,平仓,10,9,2435.0,1530.0,651550.0
2016-09-07 00:00:00,HC99,空,开仓,10,3,2581.0,,
2016-09-12 00:00:00,HC99,空,开仓,10,3,2545.0,,
2016-09-26 00:00:00,HC99,多,平仓,10,6,2612.0,-2940.0,648610.0
2016-10-12 00:00:00,HC99,多,开仓,10,3,2709.0,,
2016-10-14 00:00:00,HC99,多,开仓,10,3,2740.0,,
2016-11-21 00:00:00,HC99,空,平仓,10,6,3091.0,21990.0,670600.0
2016-11-30 00:00:00,HC99,多,开仓,10,4,3362.0,,
2016-11-30 00:00:00,HC99,多,开仓,10,4,3362.0,,
2016-12-20 00:00:00,HC99,空,平仓,10,8,3549.0,14960.0,685560.0
2017-01-16 00:00:00,HC99,多,开仓,10,2,3770.0,,
2017-01-19 00:00:00,HC99,空,平仓,10,2,3518.0,-5040.0,680520.0
2017-02-16 00:00:00,HC99,多,开仓,10,2,3778.0,,
2017-02-21 00:00:00,HC99,多,开仓,10,2,3841.0,,
2017-02-23 00:00:00,HC99,空,平仓,10,4,3588.0,-8860.0,671660.0
2017-03-08 00:00:00,HC99,空,开仓,10,2,3430.0,,
2017-03-09 00:00:00,HC99,空,开仓,10,2,3368.0,,
2017-03-15 00:00:00,HC99,多,平仓,10,4,3615.0,-8640.0,663020.0
2017-03-24 00:00:00,HC99,空,开仓,10,2,3330.0,,
2017-03-27 00:00:00,HC99,空,开仓,10,2,3276.0,,
2017-03-27 00:00:00,HC99,空,开仓,10,2,3223.0,,
2017-03-29 00:00:00,HC99,多,平仓,10,6,3220.0,3380.0,666400.0
2017-03-29 00:00:00,HC99,空,开仓,10,2,3090.0,,
2017-03-29 00:00:00,HC99,空,开仓,10,2,3090.0,,
2017-03-29 00:00:00,HC99,空,开仓,10,2,3090.0,,
2017-03-30 00:00:00,HC99,多,平仓,10,6,3239.0,-8940.0,657460.0
2017-04-07 00:00:00,HC99,空,开仓,10,2,3036.0,,
2017-04-12 00:00:00,HC99,空,开仓,10,2,2982.0,,
2017-04-12 00:00:00,HC99,空,开仓,10,2,2929.0,,
2017-04-26 00:00:00,HC99,多,平仓,10,6,3044.0,-3700.0,653760.0
2017-06-16 00:00:00,HC99,多,开仓,10,2,3229.0,,
2017-06-26 00:00:00,HC99,多,开仓,10,2,3279.0,,
2017-06-27 00:00:00,HC99,多,开仓,10,2,3329.0,,
2017-06-28 00:00:00,HC99,多,开仓,10,2,3379.0,,
2017-08-11 00:00:00,HC99,空,平仓,10,8,4060.0,60480.0,714240.0
2017-08-11 00:00:00,HC99,多,开仓,10,3,4005.0,,
2017-08-11 00:00:00,HC99,多,开仓,10,3,4005.0,,
2017-08-11 00:00:00,HC99,多,开仓,10,3,4005.0,,
2017-08-11 00:00:00,HC99,多,开仓,10,3,4005.0,,
2017-09-15 00:00:00,HC99,空,平仓,10,12,4046.0,4920.0,719160.0
2017-10-16 00:00:00,HC99,多,开仓,10,2,4220.0,,
2017-10-19 00:00:00,HC99,空,平仓,10,2,3958.0,-5240.0,713920.0
2017-11-01 00:00:00,HC99,空,开仓,10,1,3788.0,,
2017-11-10 00:00:00,HC99,多,平仓,10,1,4012.0,-2240.0,711680.0
2018-01-08 00:00:00,HC99,空,开仓,10,2,3791.0,,
2018-01-19 00:00:00,HC99,多,平仓,10,2,3908.0,-2340.0,709340.0
2018-01-25 00:00:00,HC99,多,开仓,10,3,3945.0,,
2018-01-25 00:00:00,HC99,多,开仓,10,3,3977.0,,
2018-02-22 00:00:00,HC99,空,平仓,10,6,3935.0,-1560.0,707780.0
2018-02-26 00:00:00,HC99,多,开仓,10,3,4050.0,,
2018-02-26 00:00:00,HC99,多,开仓,10,3,4081.0,,
2018-03-07 00:00:00,HC99,空,平仓,10,6,3988.0,-4650.0,703130.0
2018-03-08 00:00:00,HC99,空,开仓,10,3,3888.0,,
2018-03-09 00:00:00,HC99,空,开仓,10,3,3855.0,,
2018-04-09 00:00:00,HC99,多,平仓,10,6,3707.0,9870.0,713000.0
2018-04-09 00:00:00,HC99,空,开仓,10,3,3419.0,,
2018-04-09 00:00:00,HC99,空,开仓,10,3,3419.0,,
2018-04-18 00:00:00,HC99,多,平仓,10,6,3571.0,-9120.0,703880.0
2018-10-31 00:00:00,HC99,空,开仓,10,3,3803.0,,
2018-10-31 00:00:00,HC99,空,开仓,10,3,3764.0,,
2018-11-01 00:00:00,HC99,空,开仓,10,3,3725.0,,
2018-11-01 00:00:00,HC99,空,开仓,10,3,3686.0,,
2018-11-29 00:00:00,HC99,多,平仓,10,12,3449.0,35460.0,739340.0
2019-01-18 00:00:00,HC99,多,开仓,10,4,3509.0,,
2019-01-21 00:00:00,HC99,多,开仓,10,4,3534.0,,
2019-01-22 00:00:00,HC99,多,开仓,10,4,3559.0,,
2019-01-22 00:00:00,HC99,多,开仓,10,4,3584.0,,
2019-02-15 00:00:00,HC99,空,平仓,10,16,3561.0,2320.0,741660.0
2019-04-03 00:00:00,HC99,多,开仓,10,4,3810.0,,
2019-04-04 00:00:00,HC99,多,开仓,10,4,3838.0,,
2019-04-10 00:00:00,HC99,空,平仓,10,8,3907.0,6640.0,748300.0
2019-04-10 00:00:00,HC99,多,开仓,10,4,3670.0,,
2019-04-10 00:00:00,HC99,多,开仓,10,4,3670.0,,
2014-11-27 00:00:00,SM99,多,开仓,5,11,6248.0,,
2014-11-28 00:00:00,SM99,空,平仓,5,11,6178.0,-3850.0,744450.0
2014-12-17 00:00:00,SM99,空,开仓,5,7,6006.0,,
2014-12-17 00:00:00,SM99,空,开仓,5,7,6006.0,,
2014-12-17 00:00:00,SM99,空,开仓,5,7,6006.0,,
2014-12-18 00:00:00,SM99,多,平仓,5,21,6170.0,-17220.0,727230.0
2015-01-06 00:00:00,SM99,空,开仓,5,6,6000.0,,
2015-01-07 00:00:00,SM99,多,平仓,5,6,6150.0,-4500.0,722730.0
2015-01-08 00:00:00,SM99,空,开仓,5,5,5950.0,,
2015-01-12 00:00:00,SM99,多,平仓,5,5,6160.0,-5250.0,717480.0
2015-01-19 00:00:00,SM99,空,开仓,5,10,5820.0,,
2015-01-20 00:00:00,SM99,多,平仓,5,10,5896.0,-3800.0,713680.0
2015-01-21 00:00:00,SM99,空,开仓,5,10,5762.0,,
2015-02-02 00:00:00,SM99,多,平仓,5,10,5800.0,-1900.0,711780.0
2015-03-17 00:00:00,SM99,多,开仓,5,6,5654.0,,
2015-03-23 00:00:00,SM99,空,平仓,5,6,5430.0,-6720.0,705060.0
2015-03-27 00:00:00,SM99,空,开仓,5,6,5430.0,,
2015-03-30 00:00:00,SM99,多,平仓,5,6,5568.0,-4140.0,700920.0
2015-05-05 00:00:00,SM99,多,开仓,5,6,5918.0,,
2015-05-05 00:00:00,SM99,多,开仓,5,6,5918.0,,
2015-05-12 00:00:00,SM99,空,平仓,5,12,5750.0,-10080.0,690840.0
2015-05-20 00:00:00,SM99,空,开仓,5,6,5420.0,,
2015-05-20 00:00:00,SM99,多,平仓,5,6,5420.0,,
2015-11-30 00:00:00,SM99,多,开仓,5,4,3824.0,,
2015-12-01 00:00:00,SM99,多,开仓,5,4,3978.0,,
2015-12-01 00:00:00,SM99,多,开仓,5,4,3978.0,,
2015-12-03 00:00:00,SM99,空,平仓,5,12,3710.0,-13000.0,677840.0
2016-01-08 00:00:00,SM99,多,开仓,5,5,3946.0,,
2016-01-11 00:00:00,SM99,多,开仓,5,5,3990.0,,
2016-01-11 00:00:00,SM99,多,开仓,5,5,4034.0,,
2016-01-11 00:00:00,SM99,多,开仓,5,5,4078.0,,
2016-04-08 00:00:00,SM99,空,平仓,5,20,5248.0,123600.0,801440.0
2016-05-12 00:00:00,SM99,空,开仓,5,7,4552.0,,
2016-05-12 00:00:00,SM99,空,开仓,5,7,4552.0,,
2016-05-12 00:00:00,SM99,空,开仓,5,7,4552.0,,
2016-05-12 00:00:00,SM99,空,开仓,5,7,4552.0,,
2016-05-30 00:00:00,SM99,多,平仓,5,28,4688.0,-19040.0,782400.0
2016-07-27 00:00:00,SM99,多,开仓,5,9,5134.0,,
2016-07-27 00:00:00,SM99,多,开仓,5,9,5134.0,,
2016-07-27 00:00:00,SM99,多,开仓,5,9,5134.0,,
2016-07-27 00:00:00,SM99,多,开仓,5,9,5134.0,,
2016-08-23 00:00:00,SM99,空,平仓,5,36,5510.0,67680.0,850080.0
2016-09-20 00:00:00,SM99,多,开仓,5,5,6138.0,,
2016-09-20 00:00:00,SM99,多,开仓,5,5,6138.0,,
2016-09-20 00:00:00,SM99,多,开仓,5,5,6138.0,,
2016-09-20 00:00:00,SM99,多,开仓,5,5,6138.0,,
2016-09-26 00:00:00,SM99,空,平仓,5,20,6392.0,25400.0,875480.0
2016-09-26 00:00:00,SM99,多,开仓,5,9,6350.0,,
2016-09-26 00:00:00,SM99,多,开仓,5,9,6350.0,,
2016-09-26 00:00:00,SM99,多,开仓,5,9,6350.0,,
2016-09-26 00:00:00,SM99,多,开仓,5,9,6350.0,,
2016-11-21 00:00:00,SM99,空,平仓,5,36,7454.0,198720.0,1074200.0
2016-12-13 00:00:00,SM99,空,开仓,5,1,7410.0,,
2016-12-16 00:00:00,SM99,多,平仓,5,1,7504.0,-470.0,1073730.0
2016-12-16 00:00:00,SM99,空,开仓,5,1,7504.0,,
2016-12-26 00:00:00,SM99,空,开仓,5,1,7272.0,,
2016-12-26 00:00:00,SM99,空,开仓,5,1,7134.0,,
2016-12-27 00:00:00,SM99,空,开仓,5,1,6994.0,,
2017-02-13 00:00:00,SM99,多,平仓,5,4,6620.0,12120.0,1085850.0
2017-05-17 00:00:00,SM99,多,开仓,5,2,6516.0,,
2017-05-17 00:00:00,SM99,多,开仓,5,2,6626.0,,
2017-05-17 00:00:00,SM99,多,开仓,5,2,6736.0,,
2017-05-19 00:00:00,SM99,多,开仓,5,2,6846.0,,
2017-06-01 00:00:00,SM99,空,平仓,5,8,6406.0,-11000.0,1074850.0
2017-06-12 00:00:00,SM99,空,开仓,5,2,6180.0,,
2017-06-20 00:00:00,SM99,空,开仓,5,2,6090.0,,
2017-07-03 00:00:00,SM99,多,平仓,5,4,6410.0,-5500.0,1069350.0
2017-11-17 00:00:00,SM99,多,开仓,5,2,6808.0,,
2017-11-17 00:00:00,SM99,多,开仓,5,2,6888.0,,
2017-11-27 00:00:00,SM99,多,开仓,5,2,6970.0,,
2017-11-27 00:00:00,SM99,多,开仓,5,2,7050.0,,
2017-12-25 00:00:00,SM99,空,平仓,5,8,8384.0,58200.0,1127550.0
2018-02-07 00:00:00,SM99,多,开仓,5,2,7876.0,,
2018-02-14 00:00:00,SM99,多,开仓,5,2,7962.0,,
2018-02-26 00:00:00,SM99,多,开仓,5,2,8050.0,,
2018-02-26 00:00:00,SM99,多,开仓,5,2,8134.0,,
2018-03-08 00:00:00,SM99,空,平仓,5,8,7842.0,-6540.0,1121010.0
2018-04-13 00:00:00,SM99,多,开仓,5,3,7798.0,,
2018-04-17 00:00:00,SM99,多,开仓,5,3,7874.0,,
2018-04-17 00:00:00,SM99,多,开仓,5,3,7950.0,,
2018-04-20 00:00:00,SM99,空,平仓,5,9,7646.0,-10260.0,1110750.0
2018-04-25 00:00:00,SM99,多,开仓,5,3,7430.0,,
2018-04-25 00:00:00,SM99,多,开仓,5,3,7430.0,,
2018-04-25 00:00:00,SM99,多,开仓,5,3,7430.0,,
2018-04-26 00:00:00,SM99,多,开仓,5,3,7638.0,,
2018-04-27 00:00:00,SM99,空,平仓,5,12,7356.0,-7560.0,1103190.0
2018-05-16 00:00:00,SM99,多,开仓,5,3,7648.0,,
2018-05-16 00:00:00,SM99,多,开仓,5,3,7720.0,,
2018-05-23 00:00:00,SM99,空,平仓,5,6,7434.0,-7500.0,1095690.0
2018-06-08 00:00:00,SM99,多,开仓,5,2,7724.0,,
2018-06-08 00:00:00,SM99,多,开仓,5,2,7804.0,,
2018-07-04 00:00:00,SM99,空,平仓,5,4,7850.0,1720.0,1097410.0
2018-07-27 00:00:00,SM99,多,开仓,5,3,8200.0,,
2018-07-31 00:00:00,SM99,多,开仓,5,3,8266.0,,
2018-08-15 00:00:00,SM99,空,平仓,5,6,8694.0,13830.0,1111240.0
2018-08-15 00:00:00,SM99,多,开仓,5,4,8588.0,,
2018-08-15 00:00:00,SM99,多,开仓,5,4,8588.0,,
2018-08-28 00:00:00,SM99,空,平仓,5,8,8450.0,-5520.0,1105720.0
2018-10-16 00:00:00,SM99,多,开仓,5,2,8638.0,,
2018-10-17 00:00:00,SM99,多,开仓,5,2,8722.0,,
2018-10-22 00:00:00,SM99,多,开仓,5,2,8808.0,,
2018-10-29 00:00:00,SM99,多,开仓,5,2,8892.0,,
2018-11-02 00:00:00,SM99,空,平仓,5,8,8610.0,-6200.0,1099520.0
2018-12-24 00:00:00,SM99,空,开仓,5,2,7236.0,,
2018-12-24 00:00:00,SM99,空,开仓,5,2,7236.0,,
2018-12-24 00:00:00,SM99,空,开仓,5,2,7236.0,,
2018-12-24 00:00:00,SM99,空,开仓,5,2,7236.0,,
2019-01-08 00:00:00,SM99,多,平仓,5,8,7430.0,-7760.0,1091760.0
2019-02-11 00:00:00,SM99,多,开仓,5,3,7564.0,,
2019-02-11 00:00:00,SM99,多,开仓,5,3,7626.0,,
2019-02-21 00:00:00,SM99,多,开仓,5,3,7686.0,,
2019-03-04 00:00:00,SM99,多,开仓,5,3,7748.0,,
2019-03-25 00:00:00,SM99,空,平仓,5,12,7728.0,4320.0,1096080.0
2019-04-11 00:00:00,SM99,空,开仓,5,4,7540.0,,
2011-06-13 00:00:00,J99,空,开仓,100,1,2306.0,,
2011-06-20 00:00:00,J99,空,开仓,100,1,2294.0,,
2011-06-20 00:00:00,J99,空,开仓,100,1,2282.0,,
2011-06-28 00:00:00,J99,多,平仓,100,3,2330.0,-10800.0,1085280.0
2011-07-22 00:00:00,J99,空,开仓,100,1,2279.0,,
2011-08-04 00:00:00,J99,多,平仓,100,1,2300.0,-2100.0,1083180.0
2011-08-23 00:00:00,J99,空,开仓,100,1,2245.0,,
2011-08-23 00:00:00,J99,空,开仓,100,1,2245.0,,
2011-08-23 00:00:00,J99,空,开仓,100,1,2245.0,,
2011-08-23 00:00:00,J99,空,开仓,100,1,2245.0,,
2011-09-07 00:00:00,J99,多,平仓,100,4,2252.0,-2800.0,1080380.0
2012-01-06 00:00:00,J99,多,开仓,100,1,2018.0,,
2012-01-06 00:00:00,J99,多,开仓,100,1,2029.5,,
2012-01-06 00:00:00,J99,多,开仓,100,1,2041.5,,
2012-01-11 00:00:00,J99,多,开仓,100,1,2053.0,,
2012-02-13 00:00:00,J99,空,平仓,100,4,2070.0,13800.0,1094180.0
2012-04-09 00:00:00,J99,空,开仓,100,1,1999.0,,
2012-04-13 00:00:00,J99,空,开仓,100,1,1990.0,,
2012-04-13 00:00:00,J99,空,开仓,100,1,1981.5,,
2012-04-16 00:00:00,J99,多,平仓,100,3,1979.0,3350.0,1097530.0
2012-04-23 00:00:00,J99,空,开仓,100,1,2031.0,,
2012-04-23 00:00:00,J99,空,开仓,100,1,2022.5,,
2012-04-23 00:00:00,J99,空,开仓,100,1,2014.5,,
2012-04-23 00:00:00,J99,空,开仓,100,1,2006.0,,
2012-07-04 00:00:00,J99,多,平仓,100,4,1768.0,100200.0,1197730.0
2012-11-08 00:00:00,J99,空,开仓,100,1,1536.0,,
2012-11-30 00:00:00,J99,空,开仓,100,1,1519.5,,
2012-12-07 00:00:00,J99,多,平仓,100,2,1594.0,-13250.0,1184480.0
2012-12-10 00:00:00,J99,多,开仓,100,1,1607.0,,
2012-12-10 00:00:00,J99,多,开仓,100,1,1619.0,,
2012-12-10 00:00:00,J99,多,开仓,100,1,1630.5,,
2012-12-14 00:00:00,J99,多,开仓,100,1,1642.5,,
2013-02-07 00:00:00,J99,空,平仓,100,4,1908.0,113300.0,1297780.0
2013-02-07 00:00:00,J99,多,开仓,100,1,2062.0,,
2013-02-07 00:00:00,J99,多,开仓,100,1,2062.0,,
2013-02-07 00:00:00,J99,多,开仓,100,1,2062.0,,
2013-02-07 00:00:00,J99,多,开仓,100,1,2062.0,,
2013-02-20 00:00:00,J99,空,平仓,100,4,1941.0,-48400.0,1249380.0
2013-06-21 00:00:00,J99,空,开仓,100,1,1451.0,,
2013-06-21 00:00:00,J99,空,开仓,100,1,1450.0,,
2013-06-25 00:00:00,J99,空,开仓,100,1,1430.5,,
2013-07-10 00:00:00,J99,空,开仓,100,1,1410.5,,
2013-07-11 00:00:00,J99,多,平仓,100,4,1459.0,-9400.0,1239980.0
2013-07-19 00:00:00,J99,多,开仓,100,1,1482.0,,
2013-08-08 00:00:00,J99,多,开仓,100,1,1494.5,,
2013-08-08 00:00:00,J99,多,开仓,100,1,1507.5,,
2013-08-08 00:00:00,J99,多,开仓,100,1,1520.0,,
2013-08-29 00:00:00,J99,空,平仓,100,4,1573.0,28800.0,1268780.0
2013-10-29 00:00:00,J99,空,开仓,100,1,1514.0,,
2013-10-30 00:00:00,J99,多,平仓,100,1,1525.0,-1100.0,1267680.0
2013-10-30 00:00:00,J99,空,开仓,100,1,1601.0,,
2013-10-30 00:00:00,J99,空,开仓,100,1,1601.0,,
2013-11-08 00:00:00,J99,空,开仓,100,1,1571.0,,
2013-11-19 00:00:00,J99,多,平仓,100,3,1608.0,-5100.0,1262580.0
2013-11-26 00:00:00,J99,多,开仓,100,1,1631.0,,
2013-12-04 00:00:00,J99,多,开仓,100,1,1641.0,,
2013-12-13 00:00:00,J99,空,平仓,100,2,1605.0,-6200.0,1256380.0
2013-12-16 00:00:00,J99,空,开仓,100,1,1552.0,,
2013-12-20 00:00:00,J99,空,开仓,100,1,1543.0,,
2013-12-23 00:00:00,J99,空,开仓,100,1,1533.5,,
2013-12-23 00:00:00,J99,空,开仓,100,1,1524.5,,
2014-03-11 00:00:00,J99,多,平仓,100,4,1125.0,165300.0,1421680.0
2014-04-23 00:00:00,J99,空,开仓,100,1,1180.0,,
2014-04-23 00:00:00,J99,空,开仓,100,1,1166.0,,
2014-05-13 00:00:00,J99,多,平仓,100,2,1215.0,-8400.0,1413280.0
2014-05-16 00:00:00,J99,空,开仓,100,1,1153.0,,
2014-05-19 00:00:00,J99,空,开仓,100,1,1141.5,,
2014-05-21 00:00:00,J99,空,开仓,100,1,1129.5,,
2014-05-26 00:00:00,J99,多,平仓,100,3,1176.5,-10550.0,1402730.0
2014-06-20 00:00:00,J99,空,开仓,100,1,1129.0,,
2014-06-20 00:00:00,J99,空,开仓,100,1,1119.5,,
2014-06-23 00:00:00,J99,多,平仓,100,2,1157.0,-6550.0,1396180.0
2014-07-02 00:00:00,J99,空,开仓,100,1,1119.0,,
2014-07-07 00:00:00,J99,空,开仓,100,1,1109.5,,
2014-07-11 00:00:00,J99,空,开仓,100,1,1100.0,,
2014-07-11 00:00:00,J99,空,开仓,100,1,1091.0,,
2014-07-23 00:00:00,J99,多,平仓,100,4,1087.0,7150.0,1403330.0
2014-07-23 00:00:00,J99,空,开仓,100,1,1149.0,,
2014-07-23 00:00:00,J99,空,开仓,100,1,1149.0,,
2014-07-23 00:00:00,J99,空,开仓,100,1,1149.0,,
2014-07-23 00:00:00,J99,空,开仓,100,1,1149.0,,
2014-08-27 00:00:00,J99,多,平仓,100,4,1126.0,9200.0,1412530.0
2014-09-22 00:00:00,J99,空,开仓,100,1,1056.0,,
2014-09-22 00:00:00,J99,空,开仓,100,1,1046.5,,
2014-10-09 00:00:00,J99,多,平仓,100,2,1084.0,-6550.0,1405980.0
2014-10-13 00:00:00,J99,多,开仓,100,1,1101.0,,
2014-10-27 00:00:00,J99,多,开仓,100,1,1112.0,,
2014-11-04 00:00:00,J99,空,平仓,100,2,1077.0,-5900.0,1400080.0
2014-11-18 00:00:00,J99,空,开仓,100,2,1056.0,,
2014-11-19 00:00:00,J99,空,开仓,100,2,1050.5,,
2014-11-25 00:00:00,J99,多,平仓,100,4,1059.0,-2300.0,1397780.0
2014-11-25 00:00:00,J99,空,开仓,100,1,1029.0,,
2014-11-25 00:00:00,J99,空,开仓,100,1,1029.0,,
2014-11-25 00:00:00,J99,空,开仓,100,1,1029.0,,
2014-11-25 00:00:00,J99,空,开仓,100,1,1029.0,,
2014-12-30 00:00:00,J99,多,平仓,100,4,1046.0,-6800.0,1390980.0
2015-03-05 00:00:00,J99,空,开仓,100,3,1017.0,,
2015-03-05 00:00:00,J99,空,开仓,100,3,1013.0,,
2015-03-05 00:00:00,J99,空,开仓,100,3,1009.0,,
2015-03-05 00:00:00,J99,空,开仓,100,3,1005.0,,
2015-03-30 00:00:00,J99,多,平仓,100,12,940.0,85200.0,1476180.0
2015-03-30 00:00:00,J99,空,开仓,100,2,951.0,,
2015-03-30 00:00:00,J99,空,开仓,100,2,951.0,,
2015-03-30 00:00:00,J99,空,开仓,100,2,951.0,,
2015-03-30 00:00:00,J99,空,开仓,100,2,951.0,,
2015-04-24 00:00:00,J99,多,平仓,100,8,927.0,19200.0,1495380.0
2015-06-17 00:00:00,J99,空,开仓,100,2,893.0,,
2015-06-17 00:00:00,J99,空,开仓,100,2,889.0,,
2015-06-17 00:00:00,J99,空,开仓,100,2,885.0,,
2015-07-29 00:00:00,J99,多,平仓,100,6,823.5,39300.0,1534680.0
2015-08-12 00:00:00,J99,空,开仓,100,2,808.0,,
2015-08-12 00:00:00,J99,空,开仓,100,2,808.0,,
2015-08-12 00:00:00,J99,空,开仓,100,2,808.0,,
2015-08-12 00:00:00,J99,多,平仓,100,6,831.0,-13800.0,1520880.0
2015-09-14 00:00:00,J99,空,开仓,100,2,775.0,,
2015-09-23 00:00:00,J99,空,开仓,100,2,769.0,,
2015-11-26 00:00:00,J99,多,平仓,100,4,701.0,28400.0,1549280.0
2016-01-14 00:00:00,J99,空,开仓,100,2,611.0,,
2016-01-18 00:00:00,J99,多,平仓,100,2,632.0,-4200.0,1545080.0
2016-02-16 00:00:00,J99,多,开仓,100,2,654.5,,
2016-02-17 00:00:00,J99,多,开仓,100,2,660.0,,
2016-02-19 00:00:00,J99,多,开仓,100,2,665.0,,
2016-02-19 00:00:00,J99,多,开仓,100,2,670.5,,
2016-03-28 00:00:00,J99,空,平仓,100,8,766.0,82800.0,1627880.0
2016-03-28 00:00:00,J99,多,开仓,100,2,767.0,,
2016-03-28 00:00:00,J99,多,开仓,100,2,767.0,,
2016-03-28 00:00:00,J99,多,开仓,100,2,767.0,,
2016-03-28 00:00:00,J99,多,开仓,100,2,767.0,,
2016-05-06 00:00:00,J99,空,平仓,100,8,996.5,183600.0,1811480.0
2016-06-27 00:00:00,J99,多,开仓,100,1,902.5,,
2016-06-27 00:00:00,J99,多,开仓,100,1,916.0,,
2016-06-27 00:00:00,J99,多,开仓,100,1,929.5,,
2016-08-16 00:00:00,J99,空,平仓,100,3,1204.5,86550.0,1898030.0
2019-04-08 00:00:00,J99,多,开仓,100,1,2050.0,,
2019-04-08 00:00:00,J99,多,开仓,100,1,2053.5,,
2019-04-08 00:00:00,J99,多,开仓,100,1,2071.0,,
2019-04-11 00:00:00,J99,空,平仓,100,3,2000.0,-17450.0,1880580.0
2015-06-16 00:00:00,ZC99,空,开仓,100,6,425.0,,
2015-06-16 00:00:00,ZC99,空,开仓,100,6,425.0,,
2015-06-17 00:00:00,ZC99,空,开仓,100,6,424.8,,
2015-08-13 00:00:00,ZC99,多,平仓,100,18,379.6,81600.0,1962180.0
2015-09-07 00:00:00,ZC99,空,开仓,100,4,358.40000000000003,,
2015-09-28 00:00:00,ZC99,空,开仓,100,4,356.0,,
2015-09-28 00:00:00,ZC99,空,开仓,100,4,353.6,,
2015-09-28 00:00:00,ZC99,空,开仓,100,4,351.20000000000005,,
2015-12-17 00:00:00,ZC99,多,平仓,100,16,299.0,89280.0,2051460.0
2016-01-14 00:00:00,ZC99,空,开仓,100,3,295.40000000000003,,
2016-01-18 00:00:00,ZC99,空,开仓,100,3,291.8,,
2016-01-19 00:00:00,ZC99,多,平仓,100,6,306.2,-7560.0,2043900.0
2016-01-22 00:00:00,ZC99,多,开仓,100,3,318.6,,
2016-01-22 00:00:00,ZC99,多,开仓,100,3,322.20000000000005,,
2016-01-22 00:00:00,ZC99,多,开仓,100,3,325.8,,
2016-01-25 00:00:00,ZC99,多,开仓,100,3,329.6,,
2016-02-17 00:00:00,ZC99,空,平仓,100,12,319.40000000000003,-5580.0,2038320.0
2016-02-22 00:00:00,ZC99,多,开仓,100,3,331.40000000000003,,
2016-03-28 00:00:00,ZC99,空,平仓,100,3,348.6,5160.0,2043480.0
2016-05-27 00:00:00,ZC99,多,开仓,100,2,399.6,,
2016-05-31 00:00:00,ZC99,多,开仓,100,2,406.0,,
2016-06-02 00:00:00,ZC99,多,开仓,100,2,412.20000000000005,,
2016-06-03 00:00:00,ZC99,多,开仓,100,2,418.6,,
2016-06-17 00:00:00,ZC99,空,平仓,100,8,400.0,-7280.0,2036200.0
2016-06-21 00:00:00,ZC99,多,开仓,100,2,418.6,,
2016-06-21 00:00:00,ZC99,多,开仓,100,2,423.20000000000005,,
2016-06-23 00:00:00,ZC99,多,开仓,100,2,427.6,,
2016-07-06 00:00:00,ZC99,空,平仓,100,6,418.8,-2600.0,2033600.0
2016-07-21 00:00:00,ZC99,多,开仓,100,2,435.0,,
2016-07-21 00:00:00,ZC99,多,开仓,100,2,439.8,,
2016-07-28 00:00:00,ZC99,多,开仓,100,2,444.40000000000003,,
2016-08-01 00:00:00,ZC99,空,平仓,100,6,430.20000000000005,-5720.0,2027880.0
2016-08-05 00:00:00,ZC99,多,开仓,100,2,456.0,,
2016-08-08 00:00:00,ZC99,多,开仓,100,2,460.8,,
2016-08-08 00:00:00,ZC99,多,开仓,100,2,465.6,,
2016-08-16 00:00:00,ZC99,空,平仓,100,6,462.0,720.0,2028600.0
2016-09-05 00:00:00,ZC99,多,开仓,100,2,522.6,,
2016-09-05 00:00:00,ZC99,多,开仓,100,2,528.6,,
2016-09-07 00:00:00,ZC99,空,平仓,100,4,504.40000000000003,-8480.0,2020120.0
2016-09-29 00:00:00,ZC99,多,开仓,100,2,532.6,,
2016-09-29 00:00:00,ZC99,多,开仓,100,2,539.2,,
2016-09-29 00:00:00,ZC99,多,开仓,100,2,545.6,,
2016-10-13 00:00:00,ZC99,多,开仓,100,2,552.2,,
2016-11-17 00:00:00,ZC99,空,平仓,100,8,612.2,55840.0,2075960.0
2017-02-16 00:00:00,ZC99,多,开仓,100,2,545.0,,
2017-02-16 00:00:00,ZC99,多,开仓,100,2,550.6,,
2017-02-20 00:00:00,ZC99,多,开仓,100,2,556.4,,
2017-02-21 00:00:00,ZC99,多,开仓,100,2,562.0,,
2017-04-14 00:00:00,ZC99,空,平仓,100,8,616.6,50480.0,2126440.0
2017-04-19 00:00:00,ZC99,空,开仓,100,1,535.0,,
2017-04-19 00:00:00,ZC99,空,开仓,100,1,535.0,,
2017-04-19 00:00:00,ZC99,空,开仓,100,1,528.6,,
2017-04-20 00:00:00,ZC99,多,平仓,100,3,556.6,-7120.0,2119320.0
2017-04-24 00:00:00,ZC99,空,开仓,100,1,526.2,,
2017-05-04 00:00:00,ZC99,空,开仓,100,1,518.8000000000001,,
2017-05-05 00:00:00,ZC99,空,开仓,100,1,511.40000000000003,,
2017-05-11 00:00:00,ZC99,空,开仓,100,1,504.0,,
2017-05-19 00:00:00,ZC99,多,平仓,100,4,529.2,-5640.0,2113680.0
2017-06-07 00:00:00,ZC99,多,开仓,100,2,535.0,,
2017-06-07 00:00:00,ZC99,多,开仓,100,2,540.4,,
2017-06-08 00:00:00,ZC99,多,开仓,100,2,545.6,,
2017-06-08 00:00:00,ZC99,多,开仓,100,2,551.0,,
2017-07-28 00:00:00,ZC99,空,平仓,100,8,592.8000000000001,39840.0,2153520.0
2017-08-11 00:00:00,ZC99,多,开仓,100,2,605.0,,
2017-08-11 00:00:00,ZC99,多,开仓,100,2,605.0,,
2017-08-11 00:00:00,ZC99,多,开仓,100,2,605.0,,
2017-08-11 00:00:00,ZC99,多,开仓,100,2,605.0,,
2017-09-22 00:00:00,ZC99,空,平仓,100,8,633.0,22400.0,2175920.0
2017-11-09 00:00:00,ZC99,多,开仓,100,2,638.6,,
2017-11-14 00:00:00,ZC99,多,开仓,100,2,644.2,,
2017-11-15 00:00:00,ZC99,多,开仓,100,2,650.0,,
2017-11-16 00:00:00,ZC99,空,平仓,100,6,627.2,-10240.0,2165680.0
2017-11-23 00:00:00,ZC99,多,开仓,100,2,650.2,,
2017-11-27 00:00:00,ZC99,多,开仓,100,2,655.6,,
2017-12-20 00:00:00,ZC99,空,平仓,100,4,688.8000000000001,14360.0,2180040.0
2017-12-20 00:00:00,ZC99,多,开仓,100,2,639.2,,
2017-12-20 00:00:00,ZC99,多,开仓,100,2,639.2,,
2017-12-27 00:00:00,ZC99,空,平仓,100,4,614.0,-10080.0,2169960.0
2018-01-18 00:00:00,ZC99,多,开仓,100,2,644.2,,
2018-01-18 00:00:00,ZC99,多,开仓,100,2,649.4000000000001,,
2018-01-22 00:00:00,ZC99,多,开仓,100,2,654.4000000000001,,
2018-01-24 00:00:00,ZC99,多,开仓,100,2,659.6,,
2018-02-07 00:00:00,ZC99,空,平仓,100,8,654.0,1680.0,2171640.0
2018-04-13 00:00:00,ZC99,空,开仓,100,3,555.8000000000001,,
2018-04-13 00:00:00,ZC99,空,开仓,100,3,555.8000000000001,,
2018-04-13 00:00:00,ZC99,空,开仓,100,3,555.8000000000001,,
2018-04-13 00:00:00,ZC99,空,开仓,100,3,555.8000000000001,,
2018-04-17 00:00:00,ZC99,多,平仓,100,12,579.0,-27840.0,2143800.0
2018-05-24 00:00:00,ZC99,空,开仓,100,2,585.4,,
2018-05-28 00:00:00,ZC99,多,平仓,100,2,610.6,-5040.0,2138760.0
2018-06-07 00:00:00,ZC99,多,开仓,100,1,643.0,,
2018-06-13 00:00:00,ZC99,多,开仓,100,1,650.2,,
2018-06-15 00:00:00,ZC99,多,开仓,100,1,657.2,,
2018-07-06 00:00:00,ZC99,空,平仓,100,3,631.0,-5740.0,2133020.0
2018-07-13 00:00:00,ZC99,空,开仓,100,2,621.8000000000001,,
2018-07-13 00:00:00,ZC99,空,开仓,100,2,617.2,,
2018-07-18 00:00:00,ZC99,空,开仓,100,2,612.6,,
2018-07-26 00:00:00,ZC99,空,开仓,100,2,608.0,,
2018-08-07 00:00:00,ZC99,多,平仓,100,8,617.8000000000001,-2320.0,2130700.0
2018-08-10 00:00:00,ZC99,多,开仓,100,2,614.8000000000001,,
2018-08-16 00:00:00,ZC99,空,平仓,100,2,605.0,-1960.0,2128740.0
2018-08-27 00:00:00,ZC99,多,开仓,100,1,629.6,,
2018-09-10 00:00:00,ZC99,多,开仓,100,1,636.6,,
2018-10-08 00:00:00,ZC99,多,开仓,100,1,649.6,,
2018-10-08 00:00:00,ZC99,多,开仓,100,1,650.8000000000001,,
2018-10-22 00:00:00,ZC99,空,平仓,100,4,644.0,940.0,2129680.0
2018-12-07 00:00:00,ZC99,空,开仓,100,3,565.4,,
2018-12-07 00:00:00,ZC99,空,开仓,100,3,565.4,,
2018-12-07 00:00:00,ZC99,空,开仓,100,3,565.4,,
2018-12-07 00:00:00,ZC99,空,开仓,100,3,565.4,,
2019-01-07 00:00:00,ZC99,多,平仓,100,12,569.8000000000001,-5280.0,2124400.0
2010-01-04 00:00:00,TA99,多,开仓,5,3,8260.0,,
2010-01-04 00:00:00,TA99,多,开仓,5,3,8326.0,,
2010-01-04 00:00:00,TA99,多,开仓,5,3,8392.0,,
2010-01-05 00:00:00,TA99,多,开仓,5,3,8458.0,,
2010-01-07 00:00:00,TA99,空,平仓,5,12,8194.0,-9900.0,2114500.0
2010-01-22 00:00:00,TA99,多,开仓,5,2,8400.0,,
2010-01-25 00:00:00,TA99,空,平仓,5,2,8254.0,-1460.0,2113040.0
2010-01-27 00:00:00,TA99,空,开仓,5,2,8138.0,,
2010-01-28 00:00:00,TA99,空,开仓,5,2,8026.0,,
2010-01-28 00:00:00,TA99,空,开仓,5,2,7946.0,,
2010-02-01 00:00:00,TA99,空,开仓,5,2,7852.0,,
2010-02-11 00:00:00,TA99,多,平仓,5,8,8248.0,-10300.0,2102740.0
2010-03-16 00:00:00,TA99,空,开仓,5,3,7974.0,,
2010-03-17 00:00:00,TA99,多,平仓,5,3,8214.0,-3600.0,2099140.0
2010-04-06 00:00:00,TA99,多,开仓,5,4,8728.0,,
2010-04-19 00:00:00,TA99,空,平仓,5,4,8540.0,-3760.0,2095380.0
2010-04-28 00:00:00,TA99,空,开仓,5,5,8354.0,,
2010-04-28 00:00:00,TA99,空,开仓,5,5,8354.0,,
2010-04-28 00:00:00,TA99,空,开仓,5,5,8354.0,,
2010-04-28 00:00:00,TA99,空,开仓,5,5,8350.0,,
2010-06-21 00:00:00,TA99,多,平仓,5,20,7500.0,85300.0,2180680.0
2010-07-29 00:00:00,TA99,多,开仓,5,4,7594.0,,
2010-07-30 00:00:00,TA99,多,开仓,5,4,7646.0,,
2010-08-02 00:00:00,TA99,多,开仓,5,4,7698.0,,
2010-08-02 00:00:00,TA99,多,开仓,5,4,7750.0,,
2010-11-02 00:00:00,TA99,空,平仓,5,16,8826.0,92320.0,2273000.0
2010-11-02 00:00:00,TA99,多,开仓,5,3,9180.0,,
2010-11-02 00:00:00,TA99,多,开仓,5,3,9180.0,,
2010-11-02 00:00:00,TA99,多,开仓,5,3,9180.0,,
2010-11-02 00:00:00,TA99,多,开仓,5,3,9180.0,,
2010-11-23 00:00:00,TA99,空,平仓,5,12,9650.0,28200.0,2301200.0
2010-12-22 00:00:00,TA99,多,开仓,5,2,10100.0,,
2010-12-24 00:00:00,TA99,多,开仓,5,2,10146.0,,
2010-12-24 00:00:00,TA99,多,开仓,5,2,10244.0,,
2010-12-27 00:00:00,TA99,多,开仓,5,2,10340.0,,
2011-02-22 00:00:00,TA99,空,平仓,5,8,11726.0,60740.0,2361940.0
2011-04-01 00:00:00,TA99,空,开仓,5,1,10750.0,,
2011-04-01 00:00:00,TA99,空,开仓,5,1,10614.0,,
2011-04-11 00:00:00,TA99,多,平仓,5,2,11160.0,-4780.0,2357160.0
2011-04-18 00:00:00,TA99,空,开仓,5,2,10488.0,,
2011-04-19 00:00:00,TA99,空,开仓,5,2,10364.0,,
2011-04-26 00:00:00,TA99,空,开仓,5,2,10170.0,,
2011-04-26 00:00:00,TA99,空,开仓,5,2,10116.0,,
2011-05-26 00:00:00,TA99,多,平仓,5,8,9700.0,23380.0,2380540.0
2011-08-09 00:00:00,TA99,空,开仓,5,2,8648.0,,
2011-08-10 00:00:00,TA99,多,平仓,5,2,9100.0,-4520.0,2376020.0
2011-08-15 00:00:00,TA99,多,开仓,5,2,9788.0,,
2011-08-17 00:00:00,TA99,多,开仓,5,2,9888.0,,
2011-08-17 00:00:00,TA99,多,开仓,5,2,10004.0,,
2011-08-22 00:00:00,TA99,多,开仓,5,2,10118.0,,
2011-09-06 00:00:00,TA99,空,平仓,5,8,9892.0,-2300.0,2373720.0
2011-09-08 00:00:00,TA99,多,开仓,5,3,10236.0,,
2011-09-16 00:00:00,TA99,空,平仓,5,3,9936.0,-4500.0,2369220.0
2011-09-19 00:00:00,TA99,空,开仓,5,3,9752.0,,
2011-09-19 00:00:00,TA99,空,开仓,5,3,9686.0,,
2011-09-21 00:00:00,TA99,空,开仓,5,3,9620.0,,
2011-09-21 00:00:00,TA99,空,开仓,5,3,9554.0,,
2011-10-28 00:00:00,TA99,多,平仓,5,12,8970.0,40980.0,2410200.0
2011-12-07 00:00:00,TA99,多,开仓,5,2,8406.0,,
2011-12-15 00:00:00,TA99,空,平仓,5,2,8020.0,-3860.0,2406340.0
2012-01-04 00:00:00,TA99,多,开仓,5,4,8520.0,,
2012-01-04 00:00:00,TA99,多,开仓,5,4,8520.0,,
2012-01-05 00:00:00,TA99,多,开仓,5,4,8546.0,,
2012-01-05 00:00:00,TA99,多,开仓,5,4,8598.0,,
2012-02-16 00:00:00,TA99,空,平仓,5,16,8966.0,33600.0,2439940.0
2012-03-16 00:00:00,TA99,空,开仓,5,3,8764.0,,
2012-03-19 00:00:00,TA99,空,开仓,5,3,8706.0,,
2012-03-19 00:00:00,TA99,空,开仓,5,3,8646.0,,
2012-04-05 00:00:00,TA99,空,开仓,5,3,8550.0,,
2012-04-18 00:00:00,TA99,多,平仓,5,12,8710.0,-2610.0,2437330.0
2012-05-07 00:00:00,TA99,空,开仓,5,6,8520.0,,
2012-05-07 00:00:00,TA99,空,开仓,5,6,8484.0,,
2012-05-09 00:00:00,TA99,空,开仓,5,6,8448.0,,
2012-05-09 00:00:00,TA99,空,开仓,5,6,8414.0,,
2012-06-19 00:00:00,TA99,多,平仓,5,24,7356.0,133260.0,2570590.0
2012-07-13 00:00:00,TA99,多,开仓,5,3,7704.0,,
2012-07-16 00:00:00,TA99,多,开仓,5,3,7770.0,,
2012-07-16 00:00:00,TA99,多,开仓,5,3,7834.0,,
2012-07-17 00:00:00,TA99,多,开仓,5,3,7900.0,,
2012-07-18 00:00:00,TA99,空,平仓,5,12,7638.0,-9840.0,2560750.0
2012-09-11 00:00:00,TA99,多,开仓,5,3,7694.0,,
2012-09-12 00:00:00,TA99,多,开仓,5,3,7762.0,,
2012-09-14 00:00:00,TA99,多,开仓,5,3,7950.0,,
2012-09-14 00:00:00,TA99,多,开仓,5,3,7950.0,,
2012-09-21 00:00:00,TA99,空,平仓,5,12,7682.0,-9420.0,2551330.0
2012-11-06 00:00:00,TA99,空,开仓,5,3,7494.0,,
2012-11-07 00:00:00,TA99,多,平仓,5,3,7630.0,-2040.0,2549290.0
2012-11-20 00:00:00,TA99,多,开仓,5,4,7630.0,,
2012-11-26 00:00:00,TA99,多,开仓,5,4,7684.0,,
2012-11-26 00:00:00,TA99,多,开仓,5,4,7738.0,,
2012-12-03 00:00:00,TA99,多,开仓,5,4,7792.0,,
2013-01-15 00:00:00,TA99,空,平仓,5,16,8380.0,53520.0,2602810.0
2013-03-01 00:00:00,TA99,空,开仓,5,3,8322.0,,
2013-03-01 00:00:00,TA99,空,开仓,5,3,8246.0,,
2013-03-04 00:00:00,TA99,空,开仓,5,3,8130.0,,
2013-03-04 00:00:00,TA99,空,开仓,5,3,8094.0,,
2013-04-10 00:00:00,TA99,多,平仓,5,12,8026.0,10320.0,2613130.0
2013-05-29 00:00:00,TA99,多,开仓,5,4,7932.0,,
2013-06-03 00:00:00,TA99,多,开仓,5,4,7988.0,,
2013-06-06 00:00:00,TA99,多,开仓,5,4,8042.0,,
2013-06-21 00:00:00,TA99,空,平仓,5,12,7850.0,-8240.0,2604890.0
2013-07-12 00:00:00,TA99,多,开仓,5,4,7716.0,,
2013-07-15 00:00:00,TA99,多,开仓,5,4,7836.0,,
2013-07-22 00:00:00,TA99,多,开仓,5,4,7892.0,,
2013-08-01 00:00:00,TA99,多,开仓,5,4,7948.0,,
2013-08-20 00:00:00,TA99,空,平仓,5,16,7932.0,6720.0,2611610.0
2013-09-16 00:00:00,TA99,空,开仓,5,4,7826.0,,
2013-09-17 00:00:00,TA99,空,开仓,5,4,7780.0,,
2013-09-30 00:00:00,TA99,空,开仓,5,4,7714.0,,
2013-10-17 00:00:00,TA99,空,开仓,5,4,7686.0,,
2013-11-08 00:00:00,TA99,多,平仓,5,16,7578.0,13880.0,2625490.0
2013-12-18 00:00:00,TA99,空,开仓,5,7,7390.0,,
2013-12-18 00:00:00,TA99,空,开仓,5,7,7362.0,,
2013-12-18 00:00:00,TA99,空,开仓,5,7,7332.0,,
2013-12-30 00:00:00,TA99,多,平仓,5,21,7448.0,-9100.0,2616390.0
2014-01-02 00:00:00,TA99,空,开仓,5,7,7322.0,,
2014-01-02 00:00:00,TA99,空,开仓,5,7,7292.0,,
2014-01-03 00:00:00,TA99,空,开仓,5,7,7236.0,,
2014-01-03 00:00:00,TA99,空,开仓,5,7,7234.0,,
2014-03-14 00:00:00,TA99,多,平仓,5,28,6400.0,121940.0,2738330.0
2014-04-21 00:00:00,TA99,空,开仓,5,5,6248.0,,
2014-04-22 00:00:00,TA99,空,开仓,5,5,6206.0,,
2014-05-05 00:00:00,TA99,空,开仓,5,5,6166.0,,
2014-05-05 00:00:00,TA99,空,开仓,5,5,6124.0,,
2014-05-19 00:00:00,TA99,多,平仓,5,20,6250.0,-6400.0,2731930.0
2014-05-21 00:00:00,TA99,多,开仓,5,5,6326.0,,
2014-05-21 00:00:00,TA99,多,开仓,5,5,6364.0,,
2014-05-21 00:00:00,TA99,多,开仓,5,5,6404.0,,
2014-05-23 00:00:00,TA99,多,开仓,5,5,6442.0,,
2014-07-08 00:00:00,TA99,空,平仓,5,20,7066.0,68200.0,2800130.0
2014-08-11 00:00:00,TA99,多,开仓,5,3,7130.0,,
2014-08-14 00:00:00,TA99,空,平仓,5,3,6888.0,-3630.0,2796500.0
2014-08-18 00:00:00,TA99,空,开仓,5,4,6810.0,,
2014-08-25 00:00:00,TA99,空,开仓,5,4,6756.0,,
2014-08-28 00:00:00,TA99,空,开仓,5,4,6702.0,,
2014-09-03 00:00:00,TA99,空,开仓,5,4,6648.0,,
2014-10-24 00:00:00,TA99,多,平仓,5,16,5720.0,80720.0,2877220.0
2014-11-13 00:00:00,TA99,多,开仓,5,4,5746.0,,
2014-11-13 00:00:00,TA99,多,开仓,5,4,5800.0,,
2014-11-19 00:00:00,TA99,多,开仓,5,4,5854.0,,
2014-11-20 00:00:00,TA99,多,开仓,5,4,5908.0,,
2014-11-26 00:00:00,TA99,空,平仓,5,16,5800.0,-2160.0,2875060.0
2014-11-26 00:00:00,TA99,多,开仓,5,3,5600.0,,
2014-11-28 00:00:00,TA99,空,平仓,5,3,5360.0,-3600.0,2871460.0
2014-12-01 00:00:00,TA99,空,开仓,5,3,5232.0,,
2014-12-01 00:00:00,TA99,空,开仓,5,3,5228.0,,
2014-12-01 00:00:00,TA99,空,开仓,5,3,5160.0,,
2014-12-08 00:00:00,TA99,空,开仓,5,3,5092.0,,
2015-01-21 00:00:00,TA99,多,平仓,5,12,4726.0,27120.0,2898580.0
2015-03-16 00:00:00,TA99,空,开仓,5,4,4668.0,,
2015-03-16 00:00:00,TA99,空,开仓,5,4,4612.0,,
2015-03-24 00:00:00,TA99,多,平仓,5,8,4812.0,-6880.0,2891700.0
2015-03-30 00:00:00,TA99,空,开仓,5,4,4566.0,,
2015-03-30 00:00:00,TA99,空,开仓,5,4,4512.0,,
2015-03-31 00:00:00,TA99,多,平仓,5,8,4506.0,1320.0,2893020.0
2015-03-31 00:00:00,TA99,空,开仓,5,4,4658.0,,
2015-03-31 00:00:00,TA99,空,开仓,5,4,4658.0,,
2015-04-07 00:00:00,TA99,多,平仓,5,8,4882.0,-8960.0,2884060.0
2015-04-08 00:00:00,TA99,多,开仓,5,3,5006.0,,
2015-04-08 00:00:00,TA99,多,开仓,5,3,5064.0,,
2015-04-14 00:00:00,TA99,多,开仓,5,3,5122.0,,
2015-04-15 00:00:00,TA99,多,开仓,5,3,5250.0,,
2015-05-18 00:00:00,TA99,空,平仓,5,12,5260.0,8970.0,2893030.0
2015-08-06 00:00:00,TA99,空,开仓,5,4,4724.0,,
2015-08-06 00:00:00,TA99,空,开仓,5,4,4724.0,,
2015-08-06 00:00:00,TA99,空,开仓,5,4,4724.0,,
2015-08-06 00:00:00,TA99,空,开仓,5,4,4724.0,,
2015-08-11 00:00:00,TA99,多,平仓,5,16,4754.0,-2400.0,2890630.0
2015-08-24 00:00:00,TA99,空,开仓,5,4,4516.0,,
2015-08-24 00:00:00,TA99,空,开仓,5,4,4464.0,,
2015-08-25 00:00:00,TA99,空,开仓,5,4,4350.0,,
2015-08-25 00:00:00,TA99,空,开仓,5,4,4350.0,,
2015-08-31 00:00:00,TA99,多,平仓,5,16,4558.0,-11040.0,2879590.0
2015-10-08 00:00:00,TA99,多,开仓,5,5,4734.0,,
2015-10-08 00:00:00,TA99,多,开仓,5,5,4776.0,,
2015-10-12 00:00:00,TA99,多,开仓,5,5,4818.0,,
2015-10-20 00:00:00,TA99,空,平仓,5,15,4650.0,-9450.0,2870140.0
2015-12-08 00:00:00,TA99,空,开仓,5,4,4336.0,,
2015-12-09 00:00:00,TA99,空,开仓,5,4,4284.0,,
2015-12-22 00:00:00,TA99,多,平仓,5,8,4440.0,-5200.0,2864940.0
2016-01-12 00:00:00,TA99,空,开仓,5,7,4260.0,,
2016-01-14 00:00:00,TA99,空,开仓,5,7,4230.0,,
2016-01-18 00:00:00,TA99,空,开仓,5,7,4202.0,,
2016-01-19 00:00:00,TA99,多,平仓,5,21,4318.0,-9170.0,2855770.0
2016-02-16 00:00:00,TA99,多,开仓,5,7,4450.0,,
2016-02-26 00:00:00,TA99,空,平仓,5,7,4372.0,-2730.0,2853040.0
2016-03-01 00:00:00,TA99,多,开仓,5,7,4486.0,,
2016-03-24 00:00:00,TA99,空,平仓,5,7,4526.0,1400.0,2854440.0
2016-03-31 00:00:00,TA99,多,开仓,5,7,4782.0,,
2016-03-31 00:00:00,TA99,多,开仓,5,7,4782.0,,
2016-05-06 00:00:00,TA99,空,平仓,5,14,4816.0,2380.0,2856820.0
2016-06-14 00:00:00,TA99,多,开仓,5,5,4748.0,,
2016-06-20 00:00:00,TA99,多,开仓,5,5,4790.0,,
2016-06-29 00:00:00,TA99,多,开仓,5,5,4832.0,,
2016-07-06 00:00:00,TA99,空,平仓,5,15,4706.0,-6300.0,2850520.0
2016-07-08 00:00:00,TA99,空,开仓,5,4,4620.0,,
2016-07-29 00:00:00,TA99,空,开仓,5,4,4564.0,,
2016-07-29 00:00:00,TA99,空,开仓,5,4,4510.0,,
2016-08-05 00:00:00,TA99,多,平仓,5,12,4608.0,-2600.0,2847920.0
2016-08-05 00:00:00,TA99,空,开仓,5,4,4772.0,,
2016-08-05 00:00:00,TA99,空,开仓,5,4,4772.0,,
2016-08-05 00:00:00,TA99,空,开仓,5,4,4772.0,,
2016-08-09 00:00:00,TA99,多,平仓,5,12,4838.0,-3960.0,2843960.0
2016-08-17 00:00:00,TA99,多,开仓,5,6,4916.0,,
2016-08-22 00:00:00,TA99,空,平仓,5,6,4772.0,-4320.0,2839640.0
2016-08-31 00:00:00,TA99,空,开仓,5,7,4728.0,,
2016-09-05 00:00:00,TA99,多,平仓,5,7,4850.0,-4270.0,2835370.0
2016-09-28 00:00:00,TA99,空,开仓,5,7,4716.0,,
2016-09-28 00:00:00,TA99,空,开仓,5,7,4690.0,,
2016-10-11 00:00:00,TA99,多,平仓,5,14,4806.0,-7210.0,2828160.0
2016-10-20 00:00:00,TA99,多,开仓,5,6,4840.0,,
2016-10-20 00:00:00,TA99,多,开仓,5,6,4872.0,,
2016-11-02 00:00:00,TA99,空,平仓,5,12,4808.0,-2880.0,2825280.0
2016-11-10 00:00:00,TA99,多,开仓,5,5,4984.0,,
2016-11-11 00:00:00,TA99,多,开仓,5,5,5024.0,,
2016-11-14 00:00:00,TA99,空,平仓,5,10,4944.0,-3000.0,2822280.0
2016-11-18 00:00:00,TA99,空,开仓,5,3,4982.0,,
2016-11-22 00:00:00,TA99,多,平仓,5,3,5098.0,-1740.0,2820540.0
2016-12-09 00:00:00,TA99,多,开仓,5,5,5438.0,,
2016-12-09 00:00:00,TA99,多,开仓,5,5,5482.0,,
2016-12-12 00:00:00,TA99,多,开仓,5,5,5526.0,,
2016-12-12 00:00:00,TA99,多,开仓,5,5,5570.0,,
2016-12-20 00:00:00,TA99,空,平仓,5,20,5394.0,-11000.0,2809540.0
2017-01-23 00:00:00,TA99,多,开仓,5,5,5544.0,,
2017-01-24 00:00:00,TA99,多,开仓,5,5,5584.0,,
2017-01-25 00:00:00,TA99,多,开仓,5,5,5624.0,,
2017-01-25 00:00:00,TA99,多,开仓,5,5,5662.0,,
2017-02-20 00:00:00,TA99,空,平仓,5,20,5648.0,4450.0,2813990.0
2017-07-04 00:00:00,TA99,多,开仓,5,7,4914.0,,
2017-07-05 00:00:00,TA99,多,开仓,5,7,4942.0,,
2017-07-26 00:00:00,TA99,空,平仓,5,14,5174.0,17220.0,2831210.0
2017-08-09 00:00:00,TA99,多,开仓,5,4,5308.0,,
2017-08-16 00:00:00,TA99,空,平仓,5,4,5118.0,-3800.0,2827410.0
2017-08-25 00:00:00,TA99,多,开仓,5,4,5334.0,,
2017-09-01 00:00:00,TA99,多,开仓,5,4,5384.0,,
2017-09-11 00:00:00,TA99,空,平仓,5,8,5252.0,-4280.0,2823130.0
2017-09-28 00:00:00,TA99,空,开仓,5,5,5200.0,,
2017-09-28 00:00:00,TA99,空,开仓,5,5,5164.0,,
2017-09-28 00:00:00,TA99,空,开仓,5,5,5128.0,,
2017-10-12 00:00:00,TA99,空,开仓,5,5,5090.0,,
2017-10-30 00:00:00,TA99,多,平仓,5,20,5230.0,-8450.0,2814680.0
2017-11-06 00:00:00,TA99,多,开仓,5,7,5258.0,,
2017-11-06 00:00:00,TA99,多,开仓,5,7,5284.0,,
2017-11-06 00:00:00,TA99,多,开仓,5,7,5312.0,,
2017-11-09 00:00:00,TA99,多,开仓,5,7,5338.0,,
2017-11-23 00:00:00,TA99,空,平仓,5,28,5440.0,19880.0,2834560.0
2017-11-23 00:00:00,TA99,多,开仓,5,8,5462.0,,
2017-11-23 00:00:00,TA99,多,开仓,5,8,5462.0,,
2017-11-23 00:00:00,TA99,多,开仓,5,8,5462.0,,
2017-11-23 00:00:00,TA99,多,开仓,5,8,5462.0,,
2017-12-14 00:00:00,TA99,空,平仓,5,32,5346.0,-18560.0,2816000.0
2018-01-03 00:00:00,TA99,多,开仓,5,7,5578.0,,
2018-01-04 00:00:00,TA99,多,开仓,5,7,5608.0,,
2018-01-04 00:00:00,TA99,多,开仓,5,7,5636.0,,
2018-01-04 00:00:00,TA99,多,开仓,5,7,5666.0,,
2018-02-06 00:00:00,TA99,空,平仓,5,28,5636.0,1960.0,2817960.0
2018-03-09 00:00:00,TA99,空,开仓,5,5,5582.0,,
2018-03-14 00:00:00,TA99,空,开仓,5,5,5542.0,,
2018-03-20 00:00:00,TA99,空,开仓,5,5,5504.0,,
2018-03-23 00:00:00,TA99,空,开仓,5,5,5464.0,,
2018-03-29 00:00:00,TA99,多,平仓,5,20,5424.0,9900.0,2827860.0
2018-03-29 00:00:00,TA99,空,开仓,5,6,5414.0,,
2018-03-29 00:00:00,TA99,空,开仓,5,6,5414.0,,
2018-04-09 00:00:00,TA99,空,开仓,5,6,5358.0,,
2018-04-11 00:00:00,TA99,多,平仓,5,18,5498.0,-9240.0,2818620.0
2018-04-19 00:00:00,TA99,多,开仓,5,6,5596.0,,
2018-04-20 00:00:00,TA99,多,开仓,5,6,5632.0,,
2018-05-07 00:00:00,TA99,多,开仓,5,6,5668.0,,
2018-05-08 00:00:00,TA99,多,开仓,5,6,5704.0,,
2018-05-28 00:00:00,TA99,空,平仓,5,24,5748.0,11760.0,2830380.0
2018-06-28 00:00:00,TA99,多,开仓,5,6,5844.0,,
2018-07-03 00:00:00,TA99,多,开仓,5,6,5878.0,,
2018-07-04 00:00:00,TA99,多,开仓,5,6,5910.0,,
2018-07-09 00:00:00,TA99,多,开仓,5,6,5944.0,,
2018-08-07 00:00:00,TA99,空,平仓,5,24,7058.0,139680.0,2970060.0
2018-08-07 00:00:00,TA99,多,开仓,5,7,6566.0,,
2018-08-07 00:00:00,TA99,多,开仓,5,7,6566.0,,
2018-08-07 00:00:00,TA99,多,开仓,5,7,6566.0,,
2018-08-07 00:00:00,TA99,多,开仓,5,7,6566.0,,
2018-09-11 00:00:00,TA99,空,平仓,5,28,7574.0,141120.0,3111180.0
2018-10-18 00:00:00,TA99,空,开仓,5,3,7084.0,,
2018-10-18 00:00:00,TA99,空,开仓,5,3,7006.0,,
2018-10-22 00:00:00,TA99,空,开仓,5,3,6930.0,,
2018-10-24 00:00:00,TA99,空,开仓,5,3,6852.0,,
2018-12-03 00:00:00,TA99,多,平仓,5,12,5992.0,58560.0,3169740.0
2018-12-03 00:00:00,TA99,空,开仓,5,3,5830.0,,
2018-12-03 00:00:00,TA99,空,开仓,5,3,5830.0,,
2018-12-03 00:00:00,TA99,空,开仓,5,3,5830.0,,
2018-12-03 00:00:00,TA99,空,开仓,5,3,5830.0,,
2018-12-06 00:00:00,TA99,多,平仓,5,12,6184.0,-21240.0,3148500.0
2019-01-21 00:00:00,TA99,多,开仓,5,3,6242.0,,
2019-01-21 00:00:00,TA99,多,开仓,5,3,6306.0,,
2019-01-21 00:00:00,TA99,多,开仓,5,3,6368.0,,
2019-01-22 00:00:00,TA99,多,开仓,5,3,6432.0,,
2019-02-15 00:00:00,TA99,空,平仓,5,12,6334.0,-180.0,3148320.0
2019-03-06 00:00:00,TA99,多,开仓,5,3,6738.0,,
2019-03-07 00:00:00,TA99,多,开仓,5,3,6812.0,,
2019-03-13 00:00:00,TA99,空,平仓,5,6,6518.0,-7710.0,3140610.0
2019-03-18 00:00:00,TA99,空,开仓,5,3,6298.0,,
2019-03-20 00:00:00,TA99,空,开仓,5,3,6226.0,,
2019-03-29 00:00:00,TA99,多,平仓,5,6,6516.0,-7620.0,3132990.0
2019-04-08 00:00:00,TA99,多,开仓,5,3,6750.0,,
2019-04-09 00:00:00,TA99,空,平仓,5,3,6574.0,-2640.0,3130350.0
