datetime,symbol,direction,offset,volume,price,signal_position,signal_position_price,signal_position_value
2022-12-21 00:50:00,MATICUSDT.BYBIT,Direction.LONG,Offset.OPEN,518.0,0.7961,518.0,0.7961,412.0
2022-12-22 23:15:00,MATICUSDT.BYBIT,Direction.LONG,Offset.OPEN,1058.0,0.7787,1576.0,0.7844,1236.0
2022-12-23 05:05:00,MATICUSDT.BYBIT,Direction.SHORT,Offset.CLOSE,1056.0,0.7924,520.0,0.7924,412.0
2022-12-23 11:30:00,MATICUSDT.BYBIT,Direction.SHORT,Offset.CLOSE,7.0,0.8033,513.0,0.8033,412.0
2022-12-27 07:45:00,MATICUSDT.BYBIT,Direction.SHORT,Offset.CLOSE,6.0,0.8125,507.0,0.8125,412.0
2022-12-28 11:45:00,MATICUSDT.BYBIT,Direction.LONG,Offset.OPEN,1039.0,0.7931,1546.0,0.7995,1236.0
2022-12-30 12:55:00,MATICUSDT.BYBIT,Direction.LONG,Offset.OPEN,2154.0,0.7652,3700.0,0.7795,2884.0
2023-01-04 11:25:00,MATICUSDT.BYBIT,Direction.SHORT,Offset.CLOSE,3187.0,0.8029,513.0,0.8029,412.0
2023-01-05 02:55:00,MATICUSDT.BYBIT,Direction.SHORT,Offset.CLOSE,5.0,0.8114,508.0,0.8114,412.0
2023-01-05 22:05:00,MATICUSDT.BYBIT,Direction.LONG,Offset.OPEN,1037.0,0.7945,1545.0,0.8001,1236.0
2023-01-07 10:45:00,MATICUSDT.BYBIT,Direction.SHORT,Offset.CLOSE,1036.0,0.8089,509.0,0.8089,412.0
2023-01-09 05:35:00,MATICUSDT.BYBIT,Direction.SHORT,Offset.CLOSE,7.0,0.8206,502.0,0.8206,412.0
2023-01-09 07:50:00,MATICUSDT.BYBIT,Direction.SHORT,Offset.CLOSE,10.0,0.838,492.0,0.838,412.0
2023-01-09 10:00:00,MATICUSDT.BYBIT,Direction.SHORT,Offset.CLOSE,5.0,0.8465,487.0,0.8465,412.0
2023-01-09 10:45:00,MATICUSDT.BYBIT,Direction.SHORT,Offset.CLOSE,6.0,0.8565,481.0,0.8565,412.0
2023-01-10 00:15:00,MATICUSDT.BYBIT,Direction.SHORT,Offset.CLOSE,6.0,0.8665,475.0,0.8665,412.0
2023-01-10 04:55:00,MATICUSDT.BYBIT,Direction.LONG,Offset.OPEN,979.0,0.8424,1454.0,0.8503,1236.0
2023-01-11 09:20:00,MATICUSDT.BYBIT,Direction.SHORT,Offset.CLOSE,975.0,0.8593,479.0,0.8593,412.0
2023-01-12 08:00:00,MATICUSDT.BYBIT,Direction.SHORT,Offset.CLOSE,17.0,0.8913,462.0,0.8913,412.0
2023-01-12 23:05:00,MATICUSDT.BYBIT,Direction.LONG,Offset.OPEN,944.0,0.8734,1406.0,0.8793,1236.0
2023-01-13 02:25:00,MATICUSDT.BYBIT,Direction.SHORT,Offset.CLOSE,952.0,0.9082,454.0,0.9082,412.0
2023-01-13 13:00:00,MATICUSDT.BYBIT,Direction.SHORT,Offset.CLOSE,5.0,0.9173,449.0,0.9173,412.0
2023-01-13 21:20:00,MATICUSDT.BYBIT,Direction.LONG,Offset.OPEN,917.0,0.8985,1366.0,0.9047,1236.0
2023-01-14 04:20:00,MATICUSDT.BYBIT,Direction.SHORT,Offset.CLOSE,915.0,0.9141,451.0,0.9141,412.0
2023-01-14 06:20:00,MATICUSDT.BYBIT,Direction.SHORT,Offset.CLOSE,10.0,0.9344,441.0,0.9344,412.0
2023-01-14 09:25:00,MATICUSDT.BYBIT,Direction.SHORT,Offset.CLOSE,15.0,0.968,426.0,0.968,412.0
2023-01-14 10:15:00,MATICUSDT.BYBIT,Direction.SHORT,Offset.CLOSE,5.0,0.9793,421.0,0.9793,412.0
2023-01-14 15:05:00,MATICUSDT.BYBIT,Direction.SHORT,Offset.CLOSE,11.0,1.0061,410.0,1.0061,413.0
2023-01-14 17:05:00,MATICUSDT.BYBIT,Direction.SHORT,Offset.CLOSE,12.0,1.0352,398.0,1.0352,412.0
2023-01-14 18:20:00,MATICUSDT.BYBIT,Direction.LONG,Offset.OPEN,843.0,0.9779,1241.0,0.9963,1236.0
2023-01-16 10:45:00,MATICUSDT.BYBIT,Direction.SHORT,Offset.CLOSE,841.0,1.0312,400.0,1.0312,412.0
2023-01-16 16:45:00,MATICUSDT.BYBIT,Direction.LONG,Offset.OPEN,832.0,0.9899,1232.0,1.0033,1236.0
2023-01-17 04:10:00,MATICUSDT.BYBIT,Direction.SHORT,Offset.CLOSE,826.0,1.014,406.0,1.014,412.0
2023-01-17 08:30:00,MATICUSDT.BYBIT,Direction.SHORT,Offset.CLOSE,4.0,1.0248,402.0,1.0248,412.0
2023-01-17 09:50:00,MATICUSDT.BYBIT,Direction.LONG,Offset.OPEN,821.0,1.0039,1223.0,1.0108,1236.0
2023-01-18 04:15:00,MATICUSDT.BYBIT,Direction.SHORT,Offset.CLOSE,819.0,1.0209,404.0,1.0209,412.0
2023-01-18 08:05:00,MATICUSDT.BYBIT,Direction.LONG,Offset.OPEN,824.0,0.9999,1228.0,1.0068,1236.0
2023-01-19 00:55:00,MATICUSDT.BYBIT,Direction.LONG,Offset.OPEN,1743.0,0.9452,2971.0,0.9707,2884.0
2023-01-21 02:15:00,MATICUSDT.BYBIT,Direction.SHORT,Offset.CLOSE,2551.0,0.9806,420.0,0.9806,412.0
2023-01-21 04:45:00,MATICUSDT.BYBIT,Direction.SHORT,Offset.CLOSE,9.0,1.0014,411.0,1.0014,412.0
2023-01-21 06:30:00,MATICUSDT.BYBIT,Direction.SHORT,Offset.CLOSE,4.0,1.0132,407.0,1.0132,412.0
2023-01-21 08:10:00,MATICUSDT.BYBIT,Direction.SHORT,Offset.CLOSE,5.0,1.024,402.0,1.024,412.0
2023-01-22 08:00:00,MATICUSDT.BYBIT,Direction.LONG,Offset.OPEN,830.0,0.9928,1232.0,1.003,1236.0
2023-01-22 23:20:00,MATICUSDT.BYBIT,Direction.SHORT,Offset.CLOSE,828.0,1.02,404.0,1.02,412.0
2023-01-23 05:30:00,MATICUSDT.BYBIT,Direction.LONG,Offset.OPEN,839.0,0.9825,1243.0,0.9947,1236.0
2023-01-23 08:55:00,MATICUSDT.BYBIT,Direction.SHORT,Offset.CLOSE,833.0,1.0055,410.0,1.0055,412.0
2023-01-24 16:45:00,MATICUSDT.BYBIT,Direction.SHORT,Offset.CLOSE,11.0,1.0313,399.0,1.0313,411.0
2023-01-24 22:05:00,MATICUSDT.BYBIT,Direction.LONG,Offset.OPEN,821.0,1.0039,1220.0,1.0129,1236.0
2023-01-25 07:25:00,MATICUSDT.BYBIT,Direction.LONG,Offset.OPEN,1719.0,0.9587,2939.0,0.9812,2884.0
2023-01-26 06:10:00,MATICUSDT.BYBIT,Direction.SHORT,Offset.CLOSE,2525.0,0.994,414.0,0.994,412.0
2023-01-26 06:40:00,MATICUSDT.BYBIT,Direction.SHORT,Offset.CLOSE,4.0,1.0051,410.0,1.0051,412.0
2023-01-26 21:25:00,MATICUSDT.BYBIT,Direction.SHORT,Offset.CLOSE,7.0,1.022,403.0,1.022,412.0
2023-01-26 22:40:00,MATICUSDT.BYBIT,Direction.SHORT,Offset.CLOSE,20.0,1.0758,383.0,1.0758,412.0
2023-01-26 23:35:00,MATICUSDT.BYBIT,Direction.SHORT,Offset.CLOSE,5.0,1.0906,378.0,1.0906,412.0
2023-01-27 07:05:00,MATICUSDT.BYBIT,Direction.SHORT,Offset.CLOSE,4.0,1.103,374.0,1.103,413.0
2023-01-27 10:00:00,MATICUSDT.BYBIT,Direction.LONG,Offset.OPEN,763.0,1.079,1137.0,1.0869,1236.0
2023-01-27 14:05:00,MATICUSDT.BYBIT,Direction.SHORT,Offset.CLOSE,762.0,1.0996,375.0,1.0996,412.0
2023-01-27 19:35:00,MATICUSDT.BYBIT,Direction.LONG,Offset.OPEN,766.0,1.0751,1141.0,1.0832,1236.0
2023-01-27 21:20:00,MATICUSDT.BYBIT,Direction.SHORT,Offset.CLOSE,765.0,1.0944,376.0,1.0944,411.0
2023-01-27 23:30:00,MATICUSDT.BYBIT,Direction.SHORT,Offset.CLOSE,14.0,1.1394,362.0,1.1394,412.0
2023-01-28 01:20:00,MATICUSDT.BYBIT,Direction.SHORT,Offset.CLOSE,9.0,1.1673,353.0,1.1673,412.0
2023-01-28 14:45:00,MATICUSDT.BYBIT,Direction.LONG,Offset.OPEN,721.0,1.1434,1074.0,1.1513,1236.0
2023-01-28 23:00:00,MATICUSDT.BYBIT,Direction.LONG,Offset.OPEN,1497.0,1.1008,2571.0,1.1219,2884.0
2023-01-29 00:30:00,MATICUSDT.BYBIT,Direction.SHORT,Offset.CLOSE,2213.0,1.1518,358.0,1.1518,412.0
2023-01-29 19:00:00,MATICUSDT.BYBIT,Direction.SHORT,Offset.CLOSE,4.0,1.1634,354.0,1.1634,412.0
2023-01-29 20:05:00,MATICUSDT.BYBIT,Direction.SHORT,Offset.CLOSE,4.0,1.1767,350.0,1.1767,412.0
2023-01-30 15:45:00,MATICUSDT.BYBIT,Direction.LONG,Offset.OPEN,716.0,1.1515,1066.0,1.1598,1236.0
2023-01-30 21:05:00,MATICUSDT.BYBIT,Direction.LONG,Offset.OPEN,1481.0,1.1127,2547.0,1.1324,2884.0
2023-02-02 05:40:00,MATICUSDT.BYBIT,Direction.SHORT,Offset.CLOSE,2195.0,1.1721,352.0,1.1721,413.0
2023-02-02 07:35:00,MATICUSDT.BYBIT,Direction.SHORT,Offset.CLOSE,7.0,1.1955,345.0,1.1955,412.0
2023-02-02 09:05:00,MATICUSDT.BYBIT,Direction.SHORT,Offset.CLOSE,12.0,1.2378,333.0,1.2378,412.0
2023-02-03 06:40:00,MATICUSDT.BYBIT,Direction.LONG,Offset.OPEN,693.0,1.1885,1026.0,1.2045,1236.0
2023-02-03 23:50:00,MATICUSDT.BYBIT,Direction.SHORT,Offset.CLOSE,691.0,1.2284,335.0,1.2284,412.0
2023-02-04 01:55:00,MATICUSDT.BYBIT,Direction.SHORT,Offset.CLOSE,4.0,1.2433,331.0,1.2433,412.0
2023-02-05 01:15:00,MATICUSDT.BYBIT,Direction.SHORT,Offset.CLOSE,4.0,1.26,327.0,1.26,412.0
2023-02-05 02:10:00,MATICUSDT.BYBIT,Direction.SHORT,Offset.CLOSE,3.0,1.2735,324.0,1.2735,413.0
2023-02-05 11:30:00,MATICUSDT.BYBIT,Direction.LONG,Offset.OPEN,660.0,1.2473,984.0,1.2559,1236.0
2023-02-06 01:15:00,MATICUSDT.BYBIT,Direction.LONG,Offset.OPEN,1367.0,1.2056,2351.0,1.2267,2884.0
2023-02-07 18:40:00,MATICUSDT.BYBIT,Direction.SHORT,Offset.CLOSE,2019.0,1.2401,332.0,1.2401,412.0
2023-02-08 05:15:00,MATICUSDT.BYBIT,Direction.SHORT,Offset.CLOSE,4.0,1.2558,328.0,1.2558,412.0
2023-02-08 08:00:00,MATICUSDT.BYBIT,Direction.SHORT,Offset.CLOSE,3.0,1.2691,325.0,1.2691,412.0
2023-02-08 12:20:00,MATICUSDT.BYBIT,Direction.SHORT,Offset.CLOSE,5.0,1.2865,320.0,1.2865,412.0
2023-02-08 20:30:00,MATICUSDT.BYBIT,Direction.SHORT,Offset.CLOSE,5.0,1.3065,315.0,1.3065,412.0
2023-02-09 00:35:00,MATICUSDT.BYBIT,Direction.LONG,Offset.OPEN,646.0,1.2764,961.0,1.2863,1236.0
2023-02-09 01:55:00,MATICUSDT.BYBIT,Direction.SHORT,Offset.CLOSE,650.0,1.3253,311.0,1.3253,412.0
2023-02-09 08:55:00,MATICUSDT.BYBIT,Direction.LONG,Offset.OPEN,635.0,1.2975,946.0,1.3066,1236.0
2023-02-09 11:40:00,MATICUSDT.BYBIT,Direction.LONG,Offset.OPEN,1318.0,1.2501,2264.0,1.2737,2884.0
2023-02-09 16:10:00,MATICUSDT.BYBIT,Direction.SHORT,Offset.CLOSE,1949.0,1.306,315.0,1.306,411.0
2023-02-09 16:55:00,MATICUSDT.BYBIT,Direction.SHORT,Offset.CLOSE,3.0,1.3205,312.0,1.3205,412.0
2023-02-09 20:15:00,MATICUSDT.BYBIT,Direction.SHORT,Offset.CLOSE,3.0,1.3344,309.0,1.3344,412.0
2023-02-10 01:05:00,MATICUSDT.BYBIT,Direction.LONG,Offset.OPEN,635.0,1.2975,944.0,1.3096,1236.0
2023-02-10 07:20:00,MATICUSDT.BYBIT,Direction.LONG,Offset.OPEN,1342.0,1.2278,2286.0,1.2616,2884.0
2023-02-10 17:55:00,MATICUSDT.BYBIT,Direction.SHORT,Offset.CLOSE,1965.0,1.2837,321.0,1.2837,412.0
2023-02-11 05:50:00,MATICUSDT.BYBIT,Direction.LONG,Offset.OPEN,655.0,1.2573,976.0,1.266,1236.0
2023-02-12 19:10:00,MATICUSDT.BYBIT,Direction.SHORT,Offset.CLOSE,656.0,1.288,320.0,1.288,412.0
2023-02-13 06:25:00,MATICUSDT.BYBIT,Direction.LONG,Offset.OPEN,666.0,1.2378,986.0,1.2541,1237.0
2023-02-13 17:05:00,MATICUSDT.BYBIT,Direction.LONG,Offset.OPEN,1379.0,1.1943,2365.0,1.2192,2883.0
2023-02-15 01:50:00,MATICUSDT.BYBIT,Direction.SHORT,Offset.CLOSE,2031.0,1.2332,334.0,1.2332,412.0
2023-02-15 04:05:00,MATICUSDT.BYBIT,Direction.SHORT,Offset.CLOSE,4.0,1.2468,330.0,1.2468,411.0
2023-02-15 20:50:00,MATICUSDT.BYBIT,Direction.SHORT,Offset.CLOSE,7.0,1.2736,323.0,1.2736,411.0
2023-02-16 03:45:00,MATICUSDT.BYBIT,Direction.SHORT,Offset.CLOSE,3.0,1.2888,320.0,1.2888,412.0
2023-02-16 04:45:00,MATICUSDT.BYBIT,Direction.SHORT,Offset.CLOSE,4.0,1.3053,316.0,1.3053,412.0
2023-02-16 06:55:00,MATICUSDT.BYBIT,Direction.SHORT,Offset.CLOSE,4.0,1.3197,312.0,1.3197,412.0
2023-02-16 11:15:00,MATICUSDT.BYBIT,Direction.SHORT,Offset.CLOSE,11.0,1.3707,301.0,1.3707,413.0
2023-02-16 21:30:00,MATICUSDT.BYBIT,Direction.SHORT,Offset.CLOSE,4.0,1.3856,297.0,1.3856,412.0
2023-02-17 00:05:00,MATICUSDT.BYBIT,Direction.SHORT,Offset.CLOSE,7.0,1.4215,290.0,1.4215,412.0
2023-02-17 02:35:00,MATICUSDT.BYBIT,Direction.SHORT,Offset.CLOSE,7.0,1.4543,283.0,1.4543,412.0
2023-02-17 05:10:00,MATICUSDT.BYBIT,Direction.LONG,Offset.OPEN,579.0,1.4235,862.0,1.4336,1236.0
2023-02-17 08:00:00,MATICUSDT.BYBIT,Direction.LONG,Offset.OPEN,1199.0,1.3743,2061.0,1.3991,2884.0
2023-02-17 09:05:00,MATICUSDT.BYBIT,Direction.SHORT,Offset.CLOSE,1770.0,1.4144,291.0,1.4144,412.0
2023-02-17 09:55:00,MATICUSDT.BYBIT,Direction.SHORT,Offset.CLOSE,3.0,1.429,288.0,1.429,412.0
2023-02-17 19:15:00,MATICUSDT.BYBIT,Direction.SHORT,Offset.CLOSE,4.0,1.4507,284.0,1.4507,412.0
2023-02-17 20:45:00,MATICUSDT.BYBIT,Direction.SHORT,Offset.CLOSE,3.0,1.4665,281.0,1.4665,412.0
2023-02-18 03:20:00,MATICUSDT.BYBIT,Direction.SHORT,Offset.CLOSE,4.0,1.4866,277.0,1.4866,412.0
2023-02-18 04:35:00,MATICUSDT.BYBIT,Direction.SHORT,Offset.CLOSE,6.0,1.5206,271.0,1.5206,412.0
2023-02-18 08:35:00,MATICUSDT.BYBIT,Direction.SHORT,Offset.CLOSE,3.0,1.5365,268.0,1.5365,412.0
2023-02-18 10:45:00,MATICUSDT.BYBIT,Direction.SHORT,Offset.CLOSE,3.0,1.5557,265.0,1.5557,412.0
2023-02-18 18:00:00,MATICUSDT.BYBIT,Direction.LONG,Offset.OPEN,541.0,1.5218,806.0,1.5329,1236.0
2023-02-20 09:30:00,MATICUSDT.BYBIT,Direction.LONG,Offset.OPEN,1128.0,1.4611,1934.0,1.491,2884.0
2023-02-22 06:30:00,MATICUSDT.BYBIT,Direction.LONG,Offset.OPEN,2404.0,1.3709,4338.0,1.4245,6179.0
2023-02-25 00:35:00,MATICUSDT.BYBIT,Direction.LONG,Offset.OPEN,5177.0,1.2735,9515.0,1.3423,12772.0
2023-02-26 03:05:00,MATICUSDT.BYBIT,Direction.LONG,Offset.OPEN,10748.0,1.2266,20263.0,1.2809,25956.0
2023-02-27 04:55:00,MATICUSDT.BYBIT,Direction.SHORT,Offset.CLOSE,19945.0,1.2943,318.0,1.2943,412.0
2023-02-27 13:05:00,MATICUSDT.BYBIT,Direction.LONG,Offset.OPEN,650.0,1.2683,968.0,1.2768,1236.0
2023-02-28 02:50:00,MATICUSDT.BYBIT,Direction.LONG,Offset.OPEN,1347.0,1.2237,2315.0,1.2459,2884.0
2023-03-04 20:50:00,MATICUSDT.BYBIT,Direction.LONG,Offset.OPEN,2876.0,1.146,5191.0,1.1906,6180.0
2023-03-08 22:20:00,MATICUSDT.BYBIT,Direction.LONG,Offset.OPEN,6040.0,1.0914,11231.0,1.1372,12772.0
2023-03-09 17:10:00,MATICUSDT.BYBIT,Direction.LONG,Offset.OPEN,12632.0,1.0437,23863.0,1.0877,25956.0
2023-03-10 05:05:00,MATICUSDT.BYBIT,Direction.LONG,Offset.OPEN,26368.0,1.0,50231.0,1.0417,52324.0
2023-03-10 18:30:00,MATICUSDT.BYBIT,Direction.LONG,Offset.OPEN,55134.0,0.9565,105365.0,0.9971,105060.0
2023-03-10 22:05:00,MATICUSDT.BYBIT,Direction.SHORT,Offset.CLOSE,52682.0,1.0117,52683.0,0.9971,52530.0
2023-03-11 00:45:00,MATICUSDT.BYBIT,Direction.LONG,Offset.OPEN,36877.0,1.0444,89560.0,0.9971,89301.0
2023-03-11 00:50:00,MATICUSDT.BYBIT,Direction.SHORT,Offset.CLOSE,89166.0,1.0452,394.0,1.0452,412.0
2023-03-11 06:45:00,MATICUSDT.BYBIT,Direction.SHORT,Offset.CLOSE,5.0,1.0587,389.0,1.0587,412.0
2023-03-11 10:00:00,MATICUSDT.BYBIT,Direction.SHORT,Offset.CLOSE,5.0,1.0725,384.0,1.0725,412.0
2023-03-11 12:30:00,MATICUSDT.BYBIT,Direction.LONG,Offset.OPEN,785.0,1.0498,1169.0,1.0573,1236.0
2023-03-11 16:20:00,MATICUSDT.BYBIT,Direction.LONG,Offset.OPEN,1641.0,1.0046,2810.0,1.0265,2884.0
2023-03-12 05:10:00,MATICUSDT.BYBIT,Direction.SHORT,Offset.CLOSE,2416.0,1.0447,394.0,1.0447,412.0
2023-03-12 13:35:00,MATICUSDT.BYBIT,Direction.SHORT,Offset.CLOSE,4.0,1.0556,390.0,1.0556,412.0
2023-03-12 19:10:00,MATICUSDT.BYBIT,Direction.SHORT,Offset.CLOSE,4.0,1.0676,386.0,1.0676,412.0
2023-03-12 21:55:00,MATICUSDT.BYBIT,Direction.SHORT,Offset.CLOSE,4.0,1.0792,382.0,1.0792,412.0
2023-03-13 02:05:00,MATICUSDT.BYBIT,Direction.SHORT,Offset.CLOSE,5.0,1.0934,377.0,1.0934,412.0
2023-03-13 06:00:00,MATICUSDT.BYBIT,Direction.SHORT,Offset.CLOSE,5.0,1.1067,372.0,1.1067,412.0
2023-03-13 06:45:00,MATICUSDT.BYBIT,Direction.SHORT,Offset.CLOSE,5.0,1.1227,367.0,1.1227,412.0
2023-03-13 08:05:00,MATICUSDT.BYBIT,Direction.SHORT,Offset.CLOSE,7.0,1.1447,360.0,1.1447,412.0
2023-03-13 17:15:00,MATICUSDT.BYBIT,Direction.LONG,Offset.OPEN,735.0,1.1211,1095.0,1.1289,1236.0
2023-03-13 23:30:00,MATICUSDT.BYBIT,Direction.SHORT,Offset.CLOSE,746.0,1.182,349.0,1.182,413.0
2023-03-14 06:35:00,MATICUSDT.BYBIT,Direction.SHORT,Offset.CLOSE,4.0,1.1942,345.0,1.1942,412.0
2023-03-14 16:20:00,MATICUSDT.BYBIT,Direction.LONG,Offset.OPEN,714.0,1.1534,1059.0,1.1667,1236.0
2023-03-14 21:20:00,MATICUSDT.BYBIT,Direction.SHORT,Offset.CLOSE,720.0,1.2143,339.0,1.2143,412.0
2023-03-14 23:25:00,MATICUSDT.BYBIT,Direction.SHORT,Offset.CLOSE,6.0,1.2356,333.0,1.2356,411.0
2023-03-15 03:50:00,MATICUSDT.BYBIT,Direction.LONG,Offset.OPEN,695.0,1.1858,1028.0,1.2019,1236.0
2023-03-15 13:40:00,MATICUSDT.BYBIT,Direction.SHORT,Offset.CLOSE,689.0,1.2141,339.0,1.2141,412.0
2023-03-15 19:40:00,MATICUSDT.BYBIT,Direction.LONG,Offset.OPEN,703.0,1.173,1042.0,1.1864,1236.0
2023-03-16 00:20:00,MATICUSDT.BYBIT,Direction.LONG,Offset.OPEN,1487.0,1.1083,2529.0,1.1405,2884.0
2023-03-17 10:35:00,MATICUSDT.BYBIT,Direction.SHORT,Offset.CLOSE,2176.0,1.1684,353.0,1.1684,412.0
2023-03-17 15:10:00,MATICUSDT.BYBIT,Direction.SHORT,Offset.CLOSE,4.0,1.1804,349.0,1.1804,412.0
2023-03-17 19:00:00,MATICUSDT.BYBIT,Direction.SHORT,Offset.CLOSE,7.0,1.2061,342.0,1.2061,412.0
2023-03-17 22:55:00,MATICUSDT.BYBIT,Direction.LONG,Offset.OPEN,702.0,1.1723,1044.0,1.1834,1235.0
2023-03-18 07:20:00,MATICUSDT.BYBIT,Direction.SHORT,Offset.CLOSE,706.0,1.2181,338.0,1.2181,412.0
2023-03-18 10:45:00,MATICUSDT.BYBIT,Direction.SHORT,Offset.CLOSE,3.0,1.2309,335.0,1.2309,412.0
2023-03-18 12:05:00,MATICUSDT.BYBIT,Direction.SHORT,Offset.CLOSE,4.0,1.2435,331.0,1.2435,412.0
2023-03-19 00:05:00,MATICUSDT.BYBIT,Direction.LONG,Offset.OPEN,685.0,1.2038,1016.0,1.2167,1236.0
2023-03-20 06:40:00,MATICUSDT.BYBIT,Direction.LONG,Offset.OPEN,1411.0,1.1677,2427.0,1.1882,2884.0
2023-03-21 15:40:00,MATICUSDT.BYBIT,Direction.LONG,Offset.OPEN,3026.0,1.0893,5453.0,1.1333,6180.0
2023-03-21 21:25:00,MATICUSDT.BYBIT,Direction.SHORT,Offset.CLOSE,5095.0,1.1518,358.0,1.1518,412.0
2023-03-23 01:50:00,MATICUSDT.BYBIT,Direction.LONG,Offset.OPEN,732.0,1.125,1090.0,1.1338,1236.0
2023-03-23 23:55:00,MATICUSDT.BYBIT,Direction.SHORT,Offset.CLOSE,730.0,1.1456,360.0,1.1456,412.0
2023-03-24 03:15:00,MATICUSDT.BYBIT,Direction.LONG,Offset.OPEN,740.0,1.1124,1100.0,1.1233,1236.0
2023-03-24 08:15:00,MATICUSDT.BYBIT,Direction.SHORT,Offset.CLOSE,737.0,1.1352,363.0,1.1352,412.0
2023-03-24 18:20:00,MATICUSDT.BYBIT,Direction.LONG,Offset.OPEN,742.0,1.1102,1105.0,1.1184,1236.0
2023-03-26 04:05:00,MATICUSDT.BYBIT,Direction.LONG,Offset.OPEN,1545.0,1.0667,2650.0,1.0883,2884.0
2023-03-26 17:30:00,MATICUSDT.BYBIT,Direction.SHORT,Offset.CLOSE,2276.0,1.102,374.0,1.102,412.0
2023-03-27 16:00:00,MATICUSDT.BYBIT,Direction.LONG,Offset.OPEN,765.0,1.0773,1139.0,1.0854,1236.0
2023-03-28 01:20:00,MATICUSDT.BYBIT,Direction.LONG,Offset.OPEN,1585.0,1.0398,2724.0,1.0589,2884.0
2023-03-29 03:35:00,MATICUSDT.BYBIT,Direction.SHORT,Offset.CLOSE,2342.0,1.0794,382.0,1.0794,412.0
2023-03-29 04:25:00,MATICUSDT.BYBIT,Direction.SHORT,Offset.CLOSE,5.0,1.0927,377.0,1.0927,412.0
2023-03-29 13:35:00,MATICUSDT.BYBIT,Direction.SHORT,Offset.CLOSE,6.0,1.1112,371.0,1.1112,412.0
2023-03-29 15:05:00,MATICUSDT.BYBIT,Direction.SHORT,Offset.CLOSE,7.0,1.1326,364.0,1.1326,412.0
2023-03-30 09:35:00,MATICUSDT.BYBIT,Direction.LONG,Offset.OPEN,742.0,1.1097,1106.0,1.1172,1236.0
2023-03-30 11:00:00,MATICUSDT.BYBIT,Direction.SHORT,Offset.CLOSE,742.0,1.1311,364.0,1.1311,412.0
2023-03-30 22:20:00,MATICUSDT.BYBIT,Direction.LONG,Offset.OPEN,744.0,1.1077,1108.0,1.1154,1236.0
2023-04-04 22:55:00,MATICUSDT.BYBIT,Direction.SHORT,Offset.CLOSE,745.0,1.1339,363.0,1.1339,412.0
2023-04-05 09:40:00,MATICUSDT.BYBIT,Direction.SHORT,Offset.CLOSE,7.0,1.1569,356.0,1.1569,412.0
2023-04-05 23:25:00,MATICUSDT.BYBIT,Direction.LONG,Offset.OPEN,729.0,1.13,1085.0,1.1388,1236.0
2023-04-09 18:10:00,MATICUSDT.BYBIT,Direction.LONG,Offset.OPEN,1509.0,1.0922,2594.0,1.1117,2884.0
2023-04-11 10:30:00,MATICUSDT.BYBIT,Direction.SHORT,Offset.CLOSE,2228.0,1.1242,366.0,1.1242,411.0
2023-04-12 11:00:00,MATICUSDT.BYBIT,Direction.LONG,Offset.OPEN,758.0,1.0879,1124.0,1.0997,1236.0
2023-04-13 14:50:00,MATICUSDT.BYBIT,Direction.SHORT,Offset.CLOSE,754.0,1.1132,370.0,1.1132,412.0
2023-04-13 17:40:00,MATICUSDT.BYBIT,Direction.SHORT,Offset.CLOSE,6.0,1.1322,364.0,1.1322,412.0
2023-04-14 10:20:00,MATICUSDT.BYBIT,Direction.SHORT,Offset.CLOSE,15.0,1.181,349.0,1.181,412.0
2023-04-15 00:10:00,MATICUSDT.BYBIT,Direction.LONG,Offset.OPEN,720.0,1.1437,1069.0,1.1559,1236.0
2023-04-15 20:00:00,MATICUSDT.BYBIT,Direction.SHORT,Offset.CLOSE,719.0,1.1781,350.0,1.1781,412.0
2023-04-18 06:15:00,MATICUSDT.BYBIT,Direction.LONG,Offset.OPEN,714.0,1.1543,1064.0,1.1621,1237.0
2023-04-18 14:45:00,MATICUSDT.BYBIT,Direction.SHORT,Offset.CLOSE,713.0,1.1752,351.0,1.1752,412.0
2023-04-19 17:10:00,MATICUSDT.BYBIT,Direction.LONG,Offset.OPEN,743.0,1.1085,1094.0,1.1299,1236.0
2023-04-20 07:45:00,MATICUSDT.BYBIT,Direction.LONG,Offset.OPEN,1521.0,1.0834,2615.0,1.1029,2884.0
2023-04-22 03:45:00,MATICUSDT.BYBIT,Direction.LONG,Offset.OPEN,3254.0,1.013,5869.0,1.053,6180.0
2023-04-25 12:15:00,MATICUSDT.BYBIT,Direction.LONG,Offset.OPEN,6805.0,0.9686,12674.0,1.0077,12772.0
2023-04-26 19:25:00,MATICUSDT.BYBIT,Direction.SHORT,Offset.CLOSE,12273.0,1.0283,401.0,1.0283,412.0
2023-04-26 21:05:00,MATICUSDT.BYBIT,Direction.SHORT,Offset.CLOSE,9.0,1.0515,392.0,1.0515,412.0
2023-04-27 04:15:00,MATICUSDT.BYBIT,Direction.LONG,Offset.OPEN,849.0,0.9699,1241.0,0.9957,1236.0
2023-04-27 09:05:00,MATICUSDT.BYBIT,Direction.SHORT,Offset.CLOSE,834.0,1.0112,407.0,1.0112,412.0
2023-04-27 16:20:00,MATICUSDT.BYBIT,Direction.LONG,Offset.OPEN,835.0,0.9871,1242.0,0.995,1236.0
2023-04-28 00:05:00,MATICUSDT.BYBIT,Direction.SHORT,Offset.CLOSE,834.0,1.0093,408.0,1.0093,412.0
2023-04-28 02:55:00,MATICUSDT.BYBIT,Direction.SHORT,Offset.CLOSE,6.0,1.0247,402.0,1.0247,412.0
2023-04-28 11:35:00,MATICUSDT.BYBIT,Direction.LONG,Offset.OPEN,821.0,1.004,1223.0,1.0108,1236.0
